,역명,04시-05시 승하차인원,05시-06시 승하차인원,06시-07시 승하차인원,07시-08시 승하차인원,08시-09시 승하차인원,09시-10시 승하차인원,10시-11시 승하차인원,11시-12시 승하차인원,12시-13시 승하차인원,13시-14시 승하차인원,14시-15시 승하차인원,15시-16시 승하차인원,16시-17시 승하차인원,17시-18시 승하차인원,18시-19시 승하차인원,19시-20시 승하차인원,20시-21시 승하차인원,21시-22시 승하차인원,22시-23시 승하차인원,23시-24시 승하차인원,00시-01시 승하차인원,01시-02시 승하차인원,02시-03시 승하차인원,03시-04시 승하차인원,총 승차인원,지하철역,주소
430,잠실,1460,270861,1238068,3026245,5604406,4414903,3129601,3202762,3330091,3539445,3674690,4179422,4733814,5926799,7510544,4889708,4072898,3746270,2877149,1185122,204006,3530,234,0,70762028,잠실(송파구청)잠실(송파구청),서울특별시
257,서울역,14832,361125,1460900,3517115,6341909,4543817,3055588,3135384,3540067,3541681,3015205,3723378,4132091,5576445,6803545,3962194,2790525,2790323,1945913,963137,139692,5764,92,0,65360722,서울역서울역,서울특별시
517,홍대입구,16395,481539,761042,1589091,2987508,2957682,2348002,2720699,3244544,3601482,3594160,3942691,4545268,5449956,6551557,4894535,3778719,3936363,3733690,2073264,383951,22602,553,113,63615406,홍대입구,서울특별시
35,고속터미널,1957,214930,1136647,2054342,3117199,3333919,3292249,3627842,3730095,3962432,4192446,4525719,4828792,5409862,5518053,4047455,3592476,2674030,1919283,801420,93965,432,62,1,62075608,고속터미널고속터미널고속터미널,서울특별시
11,강남,2618,276720,906633,2400320,4697638,4646346,2586274,2246048,2423155,2817066,2771700,3049963,3466379,4909608,6465909,4078326,2831984,3017149,2802259,1394544,257115,1874,357,0,58049985,강남,서울특별시
222,사당,4042,367524,1352434,2777879,3752761,2923997,2107182,2162762,2306007,2246780,2278520,2506136,3002525,3990024,5296758,3598617,2583553,2622357,2482246,1446545,294630,14065,309,2,50117655,사당사당,서울특별시
267,선릉,2384,176920,839087,2359982,5927702,4562680,2437448,1849281,1887217,2128995,2063252,2260869,2720933,4064109,5883067,2973881,1848155,1755049,1515479,611905,117886,1962,124,2,47988369,선릉,서울특별시
314,신림,3506,561693,1198724,2869721,4359769,2882436,1820802,1677138,1822297,1853780,1846244,2061007,2387698,2915692,4187016,3474010,2325555,2225687,2050262,1284325,323939,6243,264,0,44137808,신림,서울특별시
3,가산디지털단지,30240,320620,765673,2782927,7367916,4050498,1424975,1115063,1197547,1303914,1316101,1456244,1927162,4178123,6138925,2730990,1568314,1306732,860116,418228,71984,106,11,0,42332409,가산디지털단지가산디지털단지,서울특별시
54,구로디지털단지,3928,548254,941608,2813233,5466846,3338664,1639633,1360356,1463903,1599695,1522882,1679880,2030755,3100073,4918126,3088156,1936664,1804395,1605968,888794,200408,3788,168,0,41956177,구로디지털단지,서울특별시
361,여의도,410,136400,767491,3774882,5406612,2333965,1247245,1397936,1389861,1598455,1587866,1754890,2174301,4541262,5191222,2321193,1805193,1491267,961566,384947,82907,2921,199,0,40352991,여의도여의도,서울특별시
312,신도림,55813,540388,1020043,2483869,3614881,2191972,1711922,1674792,1810063,1899960,1851164,2036157,2337697,3012386,4209260,2721274,1852643,1848271,1612379,1011453,323190,31570,409,280,39851836,신도림신도림,서울특별시
25,건대입구,5502,302213,663433,1404065,2731583,2072884,1562974,1590515,1808246,1993641,2024497,2214300,2584072,3275019,4163976,2949708,2263121,2212040,2116096,1259248,292336,13140,335,26,39502970,건대입구건대입구,서울특별시
231,삼성,2262,127391,620098,1915630,4580010,3376582,1760862,1549721,1597262,1877266,1908200,2068324,2373274,3605453,4774741,2471545,1746636,1522215,1024381,340296,89323,12939,109,141,39344661,삼성(무역센터),서울특별시
446,종로3가,3484,137161,406250,842745,2230143,2171111,2002091,2288991,2537387,2604146,2637840,2695465,2842853,3233358,3935268,2249721,1615033,1653639,1310304,650491,95503,1596,262,23,38144865,종로3가종로3가종로3가(탑골공원),서울특별시
364,역삼,536,139480,612152,2045740,4960026,4253692,1989294,1311542,1284634,1453951,1417172,1591615,1824224,3371072,4389531,2428514,1426260,1322015,973556,420489,82229,1006,52,0,37298782,역삼,서울특별시
512,합정,1532,235034,585947,1367632,2775098,2173440,1420929,1471176,1627083,1818592,1784209,1890392,2211659,2892379,4201456,2777772,1906074,1928041,1763443,1031621,219273,3204,205,0,36086191,합정합정,서울특별시
301,시청,2386,122113,600874,1848330,5384617,2524766,1285442,1412047,1408890,1561335,1610713,1774806,1940168,2988702,4806711,1817593,1418296,1331641,891331,364439,51608,1377,680,1,35148866,시청시청,서울특별시
255,서울대입구,55342,392776,740912,1993852,3145596,2371087,1597365,1391696,1531143,1652811,1562523,1713812,1963933,2467722,3408408,2575694,1730478,1686204,1619949,935054,285126,39220,321,171,34861195,서울대입구(관악구청),서울특별시
52,교대,1310,151646,624574,1433906,3269220,2827929,1630223,1548427,1529278,1731877,1788509,1824531,1958359,2898517,3884032,1944859,1441425,1454746,1256284,531787,98857,509,156,0,33830961,교대(법원·검찰청)교대(법원·검찰청),서울특별시
369,영등포,58061,306066,533889,1294799,2403663,1737788,1459864,1635888,1769379,1921888,1840627,2090725,2326299,2731182,3562316,2130585,1760468,1412350,1133465,503926,48069,106,6,0,32661409,영등포,서울특별시
410,을지로입구,996,66193,387093,1691819,4375812,2270603,1251150,1299688,1275893,1404911,1427606,1558779,1747133,2740241,4321958,1956715,1633429,1231933,953991,427403,99224,9549,203,79,32132401,을지로입구,서울특별시
393,용산,5397,125407,545700,1284400,2456798,1986909,1526943,1586137,1583559,1791611,1668390,2149460,2277317,2678373,3224822,2020871,1765167,1576176,1008366,420312,27298,29,2,2,31709446,용산,서울특별시
96,노원,4007,285611,692509,1557977,2212516,1757936,1422751,1451602,1619252,1704972,1703593,1834554,2054557,2348031,2890011,2228226,1534117,1307805,1173527,653693,165528,7572,18,0,30610365,노원노원,서울특별시
327,신촌,1027,140768,404166,996249,1854213,1784555,1376272,1386670,1599464,1759067,1646495,1722300,1969092,2454490,2820944,1897351,1485490,1486395,1426551,798931,154533,2019,346,0,29167388,신촌,서울특별시
272,성수,790,122578,511844,1261852,3818287,2259168,1123623,992141,1099813,1250306,1293293,1410251,1627361,2415701,3973787,1968558,1249715,1125736,864150,420421,113881,10901,154,159,28914470,성수,서울특별시
108,당산,1346,255037,698240,1843586,3095961,1708759,1130986,1113397,1196775,1227496,1191835,1301131,1546191,2237369,3243609,1993418,1388499,1363516,1256870,749062,158846,5262,188,3,28707382,당산당산,서울특별시
476,청량리,27802,291219,740963,1280781,1970472,1560182,1723561,1745518,1861292,2042740,1990785,2166316,2208596,2085209,2369305,1474888,1095922,963389,625936,335987,87098,495,6,0,28648462,청량리(서울시립대입구),서울특별시
39,공덕,2642,157284,508597,1702305,3669202,1929262,1105279,1106857,1150833,1196647,1159592,1258987,1517564,2396134,3685001,1736224,1216186,1215509,1024652,554967,127557,1656,95,3,28423035,공덕공덕,서울특별시
351,양재,1249,101681,736202,1813617,3566476,1967340,1141041,1048378,1037640,1175409,1147832,1267227,1519177,2417296,3477817,1750382,1221058,1124781,841267,350892,57336,394,82,3,27764577,양재(서초구청),서울특별시
387,왕십리,23759,230778,479345,1160506,2142878,1424778,1081520,1127561,1289953,1385252,1392255,1537024,1831198,2267498,2931763,1955002,1451113,1440176,1384028,781540,201416,4472,377,74,27524266,왕십리왕십리,서울특별시
515,혜화,327,79831,396114,868523,1776961,1441242,1274937,1322655,1501694,1764348,1770940,1828342,1990681,2337263,2584712,1644792,1216070,1495222,1358902,539176,78718,4294,24,0,27275768,혜화,서울특별시
445,종각,1221,107055,366431,1380761,3357092,2003335,1023907,1098323,1093541,1199324,1223203,1340209,1494193,2395270,3365817,1497735,1175475,1228863,929958,429234,22459,573,3,0,26733982,종각,서울특별시
95,노량진,10572,329585,671423,1687683,2548841,1507763,1017474,1040882,1205490,1316638,1164635,1263245,1494146,1972197,2655354,1639500,1294680,1363671,1337342,621483,93837,214,27,2,26236684,노량진노량진,서울특별시
367,연신내,3502,361363,802248,1919240,2330875,1580145,1200653,1168374,1296447,1258157,1228986,1367945,1619368,1759704,2328846,1892261,1194081,1094170,949202,581963,144556,574,99,2,26082761,연신내연신내,서울특별시
471,천호,1710,271754,691491,1316161,2088670,1479096,1130454,1171636,1277671,1360001,1380334,1552566,1762475,2173440,2678500,1854864,1302971,1072937,878909,475094,125516,3189,63,0,26049502,천호(풍납토성)천호(풍납토성),서울특별시
296,수유,1340,320547,769479,1742600,2262400,1515003,1124318,1098259,1158982,1195494,1196019,1302928,1562751,1838395,2442710,1913367,1255824,1127317,992347,629318,109071,553,3,0,25559025,수유(강북구청),서울특별시
112,대림,9785,628184,703919,1427441,2445244,1654053,1246895,1237751,1219838,1237932,1213369,1352619,1547060,1896011,2138074,1434564,1029512,1086109,951846,469205,98724,2721,71,3,25030930,대림(구로구청)대림(구로구청),서울특별시
137,동대문역사문화공원,7026,178871,426305,946822,2161085,1374760,1147091,1225547,1277910,1350033,1471920,1561071,1702232,2112020,2573923,1670571,1190231,1115414,868435,486959,113120,2755,219,13,24964333,동대문역사문화공원동대문역사문화공원동대문역사문화공원,서울특별시
408,을지로3가,576,57126,407660,1413880,3461364,1599600,941019,929117,929632,1026143,1049542,1111673,1306128,2270153,3388153,1477261,1007302,1021019,871819,506531,81087,1322,121,6,24858234,을지로3가을지로3가,서울특별시
342,압구정,1283,65786,406330,817550,2236442,2251517,1376074,1256163,1180082,1290100,1335226,1409261,1576139,1991806,2633178,1670118,1185160,927666,702065,245731,47114,2250,96,0,24607137,압구정,서울특별시
293,수서,3091,194759,663092,1578246,2383249,1518290,1287607,1044582,1303432,1208109,1050250,1409295,1635189,1967984,2430019,1441209,1162510,916759,888296,375479,54876,2718,24,33,24519098,수서,서울특별시
16,강변,372,140529,642295,1325267,2085013,1592162,1342733,1211424,1236264,1251019,1252941,1398575,1529932,1810513,2249998,1610645,1168788,975377,811953,406471,81647,1205,93,0,24125216,강변(동서울터미널),서울특별시
50,광화문,268,29683,395778,1096583,3503366,1693068,898281,975203,962582,1114384,1105565,1166520,1353919,2014417,3344112,1277492,916649,943859,650307,239695,37444,874,1649,0,23721698,광화문(세종문화회관),서울특별시
136,동대문,12844,255414,423560,847717,1522914,1501812,1471131,1562965,1601887,1632615,1722251,1738349,1764034,1940543,1580100,1104534,813069,748466,534705,316896,53107,3159,14,0,23152086,동대문동대문,서울특별시
307,신논현,674,74963,346851,924550,1700599,1636451,1037786,962635,1024765,1131314,1138942,1199862,1442635,1908568,2618354,1695601,1139285,1153393,1050307,568898,96689,6593,39,0,22859754,신논현,서울특별시
149,디지털미디어시티,3443,190309,597049,1824463,3287411,1573286,792331,699194,745966,771573,730545,816681,1063583,1808548,2929189,1534795,902039,793263,728390,391130,107571,234,23,0,22291016,디지털미디어시티,서울특별시
86,남부터미널,617,54677,451543,1168912,2520464,1550670,1079861,979065,1018016,1138313,1137587,1187088,1415343,1991683,2563763,1339346,893924,776984,633852,243573,33542,151,29,0,22179003,남부터미널(예술의전당),서울특별시
318,신사,989,75404,316214,708778,1528994,1940106,1134138,955148,994395,1090550,1143530,1218598,1381869,1849527,2545653,1633110,1028748,1037612,880269,417039,67036,182,115,0,21948004,신사,서울특별시
81,까치산,2719,340987,682442,1763040,2294370,1270108,846372,808997,876157,867265,839361,961382,1132433,1340989,1997196,1522908,1000179,931957,777830,475859,119146,4917,88,0,20856702,까치산까치산,서울특별시
331,쌍문,3370,320807,789812,1789598,1971231,1263947,944364,876789,927823,902298,870492,972321,1156943,1364063,1782127,1540507,985226,866032,783733,482554,100243,495,1,0,20694776,쌍문,서울특별시
520,화곡,3704,316051,663256,1692480,2320328,1268479,838523,791620,849280,863222,826711,910709,1127450,1379676,2064834,1472074,917800,851092,733068,432682,111298,323,70,7,20434737,화곡,서울특별시
83,낙성대,433,174627,472119,1312136,2158729,1480845,935688,801701,883745,897521,868548,944344,1095533,1370439,1944007,1496407,1013125,965272,912602,547424,131083,2635,143,0,20409106,낙성대,서울특별시
80,김포공항,345,131029,572152,996587,1232912,978379,1076350,1258166,1296868,1357424,1374642,1418249,1452541,1677251,1818508,1183953,857584,782395,669279,208599,38101,640,31,13,20381998,김포공항김포공항,서울특별시
484,충무로,1206,85813,351902,834771,2372128,1525227,992641,915867,912327,979143,979129,1022726,1175014,1680835,2407250,1189021,834691,810476,673100,381571,70366,1316,84,6,20196610,충무로충무로,서울특별시
170,명동,384,29247,262334,696016,1572244,1224581,957116,1045401,1159691,1161746,1183586,1354425,1468004,1739313,2192777,1265035,1033911,894447,656762,256800,36412,1266,8,0,20191506,명동,서울특별시
183,미아사거리,854,230553,587825,1440987,1657362,1192934,924067,904396,959926,981452,1009606,1152098,1331196,1460235,1864563,1435409,1004008,802238,682193,373956,64897,246,2,0,20061003,미아사거리,서울특별시
525,회기,11200,213274,450017,1116172,1723109,1184030,979746,956429,1041883,1073448,1030240,1133650,1303491,1568872,1738678,1197915,861752,885275,917972,540166,76321,263,0,0,20003903,회기,서울특별시
12,강남구청,664,72175,342228,812946,2370685,2147880,1017650,775194,770787,862743,859116,922435,1042824,1462972,2361602,1355051,822865,757220,588823,266741,52841,49,0,0,19665491,강남구청,서울특별시
466,창동,26358,248729,675916,1358189,1515872,1059081,904968,878044,974969,1024522,1032439,1124076,1282618,1445561,1785560,1350179,873462,775865,681099,396642,111581,1285,2,0,19527017,창동창동,서울특별시
337,안국,275,41326,309929,1201702,1558626,1126440,948974,1100865,1112954,1157915,1251992,1326791,1524596,1939402,1919067,870250,666334,589213,359590,130030,17018,117,42,2,19153450,안국,서울특별시
527,회현,249,29517,296617,742247,1788317,1401392,1165833,1253399,1234200,1273320,1357393,1383181,1447162,1619210,1885131,825200,690352,366964,229988,97168,17454,831,2,0,19105127,회현(남대문시장),서울특별시
65,군자,1033,226864,497485,1128830,2060054,1240509,765601,712968,778948,822008,804808,887532,1061238,1403634,2031848,1354829,909885,857379,758818,448132,140670,12412,235,0,18905720,군자(능동)군자(능동),서울특별시
310,신대방,2328,341441,573142,1365222,2064156,1305889,820747,721352,760531,776460,760771,875979,1002668,1236469,1649645,1340216,921637,920270,845252,481787,114414,2719,75,0,18883170,신대방,서울특별시
29,경복궁,1008,54411,261853,701519,1893991,1385123,1041879,1049117,1073217,1156293,1197606,1250349,1358405,1569260,1919757,915684,689283,662625,471078,199821,29692,543,474,5,18882993,경복궁(정부서울청사),서울특별시
370,영등포구청,551,135376,404021,1144645,2651969,1274712,754125,731619,769989,818382,817685,856532,1004090,1383042,2439430,1097139,733295,689371,568443,320688,79233,2067,183,5,18676592,영등포구청영등포구청,서울특별시
273,성신여대입구,403,113600,367231,911626,1377093,966974,799303,893665,940072,982871,1017090,1052222,1211992,1466973,1775740,1253313,917819,914230,819826,454672,93910,350,4,0,18330979,성신여대입구(돈암),서울특별시
447,종로5가,531,71169,234639,601057,1367152,969553,989532,1186425,1287479,1332600,1380200,1348188,1346544,1539043,1667891,876031,571766,508295,334579,124911,14104,106,2,0,17751797,종로5가,서울특별시
60,구의,703,189901,556089,1071243,1974201,1202443,728787,654711,703815,733587,719214,823694,998431,1206377,1760423,1175937,797495,765217,713145,406843,103267,1826,105,14,17287468,구의(광진구청),서울특별시
309,신당,1519,181507,405609,848248,1637055,1056477,768612,768240,850710,875038,840418,898496,1093744,1302689,1668242,1159658,792466,751792,727664,421828,96603,1010,69,0,17147694,신당신당,서울특별시
209,봉천,973,215738,451983,1204500,1910285,1224037,781824,709869,763319,784385,751996,847088,955139,1112276,1528290,1203233,787107,736371,671237,381727,103501,4329,63,11,17129281,봉천,서울특별시
150,뚝섬,155,68763,306885,718318,2070209,1395044,719473,631832,696751,772640,779373,877238,1023499,1410239,2256938,1158873,736746,676720,502458,236552,49190,990,56,0,17088942,뚝섬,서울특별시
503,학동,61,46921,392852,806720,2469617,1964260,848692,538831,522028,609025,622383,677056,804882,1288887,2339429,1157862,602458,541332,398845,172823,33732,35,0,0,16838731,학동,서울특별시
242,상봉,13132,250159,501634,1199443,1734645,996711,679867,665403,753591,749474,730432,793095,943179,1157050,1637181,1324731,825886,707287,647829,378509,120933,769,0,0,16810940,상봉(시외버스터미널),서울특별시
432,잠실새내,578,78273,332515,918091,1360759,1026857,743856,745410,816921,863838,855785,966898,1078312,1311931,1658349,1164763,820032,761159,742586,413338,88361,1675,121,0,16750408,잠실새내,서울특별시
377,오목교,38,88617,310716,1011625,1608739,1081234,711786,712416,763786,810118,809103,867384,1042949,1323883,1850545,1095560,835252,700131,608209,268311,56537,154,79,0,16557172,오목교(목동운동장앞),서울특별시
220,불광,751,163419,401135,993520,1452096,1030795,803628,784205,846174,900893,894786,971515,1064394,1165540,1477825,1047988,678786,591488,484081,276326,65362,214,60,0,16094981,불광불광,서울특별시
20,개봉,18915,297601,629770,1394019,1438268,949298,703159,685579,751641,716782,712513,789884,963637,1176536,1520264,1110057,719190,654032,539412,290970,17745,6,0,0,16079278,개봉,서울특별시
153,마곡나루,221,113170,457643,1180250,2126728,954895,529979,487087,530733,566965,556709,627658,832120,1617340,1930696,1055514,692139,635404,577699,304595,95778,1725,19,0,15875067,마곡나루,서울특별시
263,석계,30899,237731,519073,1126701,1381589,864374,700596,702217,728830,750541,724513,823159,988874,1145584,1512005,1159302,730914,668201,587793,372968,88892,288,0,0,15845044,석계석계,서울특별시
78,길음,245,159344,524401,1309394,1501352,961256,726151,695816,731345,758784,734595,784324,955972,1156389,1455344,1059624,691036,630317,612103,328243,63913,289,2,0,15840239,길음,서울특별시
177,문래,101,79910,328654,1013817,2227665,1144189,603291,554085,625391,659292,632083,689451,836270,1241942,2105619,1018552,619295,603256,508489,278512,62399,1249,101,0,15833613,문래,서울특별시
62,구파발,1363,157071,538803,1405942,1396840,938550,771696,709567,749162,752285,769050,814785,963885,1060575,1357114,1056630,661814,592164,508081,313230,104647,3497,77,80,15626908,구파발,서울특별시
4,가양,1177,222054,461812,1335219,1673669,953792,666695,648722,696368,702939,680921,744896,897553,1109340,1541577,1069737,677912,628074,523434,300822,80635,1978,4,0,15619330,가양,서울특별시
186,발산,49,74603,301958,841476,1828787,993382,629028,662050,695561,747569,761174,837396,955072,1321242,1802413,984708,674028,620826,526115,253012,53000,177,71,1,15563698,발산,서울특별시
261,서초,287,86148,387777,873494,1822220,1553146,819129,794335,656234,789052,767064,807662,906994,1250424,1596010,805271,533400,525902,387796,161660,29336,186,18,0,15553545,서초,서울특별시
481,총신대입구,1344,91922,332136,846415,1316849,891529,696706,689086,742133,785166,777254,854552,967509,1173695,1549728,957984,673977,590596,517304,276002,44204,5678,5,0,14781774,총신대입구(이수)총신대입구(이수),서울특별시
179,문정,69,69967,259689,960351,2581791,1233147,552066,456575,467664,535574,552169,585376,678348,1329388,2041528,857077,546270,483148,382426,172859,33286,88,1,0,14778857,문정,서울특별시
474,청담,545,83621,436984,920398,2141774,1440967,636995,509819,534840,561890,570676,645064,781746,1130107,1750070,893153,535453,490880,381217,132050,43156,93,0,0,14621498,청담,서울특별시
208,봉은사,43,42830,239426,599759,1527196,1129999,672031,667845,718468,788115,808440,838671,956635,1312332,1667913,866909,595777,541370,377366,124155,20857,114,0,0,14496251,봉은사,서울특별시
319,신설동,6375,184922,320744,771388,1570412,978923,742806,736675,771329,824461,790624,841811,945485,1144016,1449318,737084,502665,465043,369799,215064,47160,2982,24,0,14419110,신설동신설동,서울특별시
409,을지로4가,146,43068,296631,752716,1722806,922643,670196,729722,729109,761962,782943,800667,888508,1350249,1667131,746426,458592,400793,301442,162941,35659,628,74,3,14225055,을지로4가을지로4가,서울특별시
141,동묘앞,4432,121671,223477,429928,891528,738912,740827,930750,1089325,1225274,1236506,1227287,1175638,1069990,928074,546612,373511,342028,309217,205610,52818,4539,47,0,13868001,동묘앞동묘앞,서울특별시
238,상계,600,185552,571674,1333522,1215808,787577,609966,583879,649532,626865,603142,663795,797116,916461,1132413,979458,620573,557986,535311,309904,60878,5491,25,0,13747528,상계,서울특별시
251,서대문,131,52808,269391,1116008,2423212,853278,510524,523892,515899,558279,545868,587561,720573,1184783,1828141,601083,452971,433167,321578,150868,27854,457,51,0,13678377,서대문,서울특별시
53,구로,154304,364216,422673,897329,1432363,873761,617354,564918,578278,604611,602734,681527,811442,1164717,1366873,729831,520453,485632,385855,253289,160526,477,17,0,13673180,구로,서울특별시
320,신용산,108,32420,211626,608923,1366306,1041925,586273,557490,592037,645083,629911,718634,855515,1248496,1751272,884073,624641,580950,425649,205014,27283,304,4,0,13593937,신용산,서울특별시
437,장한평,383,109321,389812,980045,1800880,866766,557113,510990,536476,540095,516547,578041,732528,1002411,1605444,914323,544379,480889,418419,239121,56578,1656,60,0,13382277,장한평,서울특별시
101,논현,437,50608,253375,652696,1536152,1344642,605587,444531,449352,492312,523540,564467,660378,1052975,1689326,926033,579102,588130,528620,289394,61893,97,1,0,13293648,논현,서울특별시
13,강동,1339,154934,400261,1077244,1506154,815987,591767,561462,593353,630900,607481,667116,761586,996342,1275492,805070,554245,489909,422596,248785,85887,315,57,0,13248282,강동,서울특별시
443,제기동,5090,90904,220816,536475,924717,730434,823919,999811,1118946,1170002,1155674,1131569,1044921,926580,866342,495624,322126,262346,203991,115624,17572,116,2,0,13163601,제기동,서울특별시
448,종합운동장,279,51286,267908,619906,930817,632559,477070,451461,570406,662480,608842,736517,997545,1298689,1366272,743722,618317,914408,888971,263032,41773,1558,27,5,13143850,종합운동장종합운동장,서울특별시
341,암사,597,201240,442375,1168229,1609632,854360,537109,500916,553281,548242,533449,592016,690991,865427,1207448,939187,565753,457295,449986,235913,58933,7680,1,0,13020060,암사,서울특별시
518,홍제,1161,146040,401974,977543,1230946,840229,650459,612849,668159,646449,640212,708891,816162,919633,1157701,853549,545784,494108,408248,240584,42884,146,51,0,13003762,홍제,서울특별시
412,응암,241,163411,425419,1043390,1384266,765732,547117,521358,572029,563937,549540,613546,718792,880874,1255716,957289,628358,519639,472375,294050,76583,147,0,0,12953809,응암,서울특별시
187,방배,44,68361,269306,634519,1378712,1023416,651900,588421,627935,648357,671795,702875,803952,1016990,1355208,743198,522151,500953,456167,220390,49610,345,86,0,12934691,방배,서울특별시
134,독산,8861,135118,403736,1198506,1936741,952450,449768,390312,426238,425713,393123,465928,612119,1163050,1549973,898417,518969,448826,353249,177481,11952,30,0,0,12920560,독산,서울특별시
499,하계,248,123447,411407,1098451,1274662,787957,588340,579340,650651,646677,619926,692456,793526,879586,1054288,885547,559238,495247,439402,265280,71077,112,0,0,12916865,하계,서울특별시
128,도봉산,3949,176081,453813,1089439,1101554,839501,746928,670290,711843,694339,704134,762148,825052,815635,911794,796683,482040,396274,350806,218906,78162,1983,24,0,12831378,도봉산도봉산,서울특별시
270,선정릉,144,53954,235741,579719,1716246,1334747,643043,503609,502183,533268,541391,541535,646662,1030134,1610090,885358,484885,430271,355824,158119,31743,71,0,0,12818737,선정릉(한국과학창의재단),서울특별시
368,염창,202,164690,429906,1133617,1396058,762709,512612,468638,512237,496997,480760,539877,633646,854046,1260926,994972,650695,556074,517830,327464,72376,9560,0,0,12775892,염창,서울특별시
174,목동,125,123522,339644,967377,1311895,730241,520426,483041,527514,555435,539579,590427,718451,937691,1397105,914221,575327,548654,527054,260842,66462,146,47,0,12635226,목동,서울특별시
265,석촌,42,89302,272933,693856,1142838,852262,585259,575537,623890,650147,629910,659123,780452,971100,1237401,857015,592253,568592,507033,261311,66358,599,2,0,12617215,석촌석촌,서울특별시
2,가락시장,1716,112564,327478,726967,1321993,755475,603832,600636,606521,620123,637847,702473,770692,977708,1314532,730290,532173,490334,396983,203994,64384,6121,37,0,12504873,가락시장가락시장,서울특별시
436,장지,248,109685,382980,946448,1351565,798763,524010,498719,557686,543766,561184,649495,787119,1010560,1285097,803531,573281,458354,369218,186808,37157,88,0,0,12435762,장지,서울특별시
348,약수,1532,120818,271951,664498,1234789,815026,571971,552000,590682,609398,606247,658757,767085,923720,1259025,752703,530519,515644,441276,233704,63682,4865,23,64,12189979,약수약수,서울특별시
384,온수,4575,195867,430290,1148151,1368615,770125,498949,475082,535975,519599,496755,560000,742473,856408,1108852,795587,496102,450254,383629,241175,76286,11694,2,0,12166445,온수온수(성공회대입구),서울특별시
415,이대,515,58155,203455,512457,990688,832738,656139,567931,696932,726311,639684,727675,788580,998898,1077416,714346,534394,525796,472362,276577,59852,1139,85,0,12062125,이대,서울특별시
221,사가정,307,167478,385145,865249,1236929,760264,537505,495612,535972,540916,527974,600011,704580,848936,1126239,904637,550371,484899,414067,234526,64102,121,0,0,11985840,사가정,서울특별시
357,어린이대공원,101,55899,204306,466803,1247480,851095,688781,628120,608996,698693,680457,665489,793637,960689,1039288,645681,452908,440428,424674,261087,57050,177,2,0,11871841,어린이대공원(세종대),서울특별시
64,국회의사당,12,34393,151077,631061,1994313,1041455,445400,428736,444740,500760,501787,475804,572271,1100144,1549243,584664,373630,353138,236409,95591,18526,153,0,0,11533307,국회의사당,서울특별시
488,태릉입구,2019,179131,304364,691675,1015926,674218,522855,558489,546178,572446,585464,619735,719441,838941,1049538,794613,505020,470715,415852,262066,99411,14824,0,0,11442921,태릉입구태릉입구,서울특별시
162,망원,81,83448,196756,465591,902258,685307,503737,547443,623042,665322,647691,715443,772816,901786,1156541,789812,532140,490042,409757,235774,40682,94,0,0,11365563,망원,서울특별시
360,여의나루,94,35038,183887,580260,1026725,456574,360647,384354,446764,526849,609273,713568,836881,1154131,1380194,774200,703194,560796,430941,167722,20112,129,13,0,11352346,여의나루,서울특별시
169,면목,779,178726,382750,852724,1291239,762451,515511,456279,512888,508458,476972,556303,701303,762294,960538,834751,495849,424593,386959,211801,61489,101,0,0,11334758,면목,서울특별시
84,남구로,1100,249146,307180,802101,1700942,900175,449837,375004,378295,394071,365337,427564,572819,937762,1335468,704451,422215,382370,294413,149596,29511,49,0,0,11179406,남구로,서울특별시
335,아차산,160,133819,295745,730107,1136727,678560,540060,520700,558552,572260,575590,644885,726633,821881,1045751,706980,470039,417506,348703,186557,44563,125,19,0,11155922,아차산(어린이대공원후문),서울특별시
105,답십리,353,131998,332787,883823,1399728,712267,482070,444608,484113,504939,473097,529898,622711,808112,1160192,701113,457177,405005,351688,194148,50130,321,74,0,11130352,답십리,서울특별시
182,미아,849,167575,349608,802478,1088602,687762,522899,535830,537619,544411,559601,612371,702218,795676,963707,715043,456885,403397,351529,201517,37159,219,1,0,11036956,미아,서울특별시
311,신대방삼거리,360,144855,310373,805261,1244625,765492,488189,447365,482996,474632,472535,509939,608560,717979,1065607,759957,493905,452355,385236,242391,72711,210,0,0,10945533,신대방삼거리,서울특별시
97,녹번,824,137003,380284,1014401,1210846,723259,490317,436356,465162,447902,436895,477671,581635,705480,1050760,788893,491390,433796,380334,216639,42904,111,33,0,10912895,녹번,서울특별시
394,우장산,8,96316,342249,917181,1046514,604434,481300,469662,517987,531849,513410,585263,688382,748764,946836,706529,436678,392624,384720,206274,46964,132,25,2,10664103,우장산,서울특별시
485,충정로,629,69110,231829,718883,1615086,763548,420637,401017,408606,457568,453333,463606,548495,853798,1369497,555738,373999,365851,305116,174271,41250,1537,82,5,10593491,충정로(경기대입구)충정로(경기대입구),서울특별시
298,숙대입구,161,46224,190697,517174,967036,634900,511193,482118,513578,523553,522095,564309,722363,888513,1146970,644099,489484,475075,423160,224710,33638,375,2,0,10521427,숙대입구(갈월),서울특별시
508,한성대입구,776,98205,253906,611208,851808,652902,525141,507522,556460,573297,559670,598606,738415,815306,888029,639626,466747,428457,375940,215732,82853,16230,105,0,10456941,한성대입구(삼선교),서울특별시
93,내방,68,48352,232058,555599,1437356,872208,465689,402482,429630,468252,454094,486871,565698,814502,1311124,618614,407844,381423,296306,141642,46890,2083,5,0,10438790,내방,서울특별시
431,잠실나루,199,65758,290500,767421,1088221,711941,558118,522455,562450,555438,544965,576861,660600,817539,895802,564109,380764,338437,307537,163281,37941,600,26,0,10410963,잠실나루,서울특별시
246,상일동,573,143559,480128,1158981,943670,561432,430730,380975,437443,432610,402066,490449,541605,702894,957582,787453,444076,395298,342752,209857,89259,15075,8,0,10348475,상일동,서울특별시
244,상왕십리,689,79352,254175,674414,1263499,701764,457856,415188,463978,465703,461010,510721,593776,766235,1031768,689687,454039,423076,369799,208954,54723,502,47,0,10340955,상왕십리,서울특별시
159,마포,240,46674,206665,617535,1387596,685849,409854,423080,424548,446266,418662,454276,541496,845931,1348774,615321,437777,448568,356417,183376,33216,131,54,2,10332308,마포,서울특별시
299,숭실대입구,131,86052,213599,587375,973662,664268,616096,501315,470055,532122,526762,525877,676896,782012,907415,640213,445784,428039,408354,259052,63543,121,0,0,10308743,숭실대입구(살피재),서울특별시
452,중계,150,146451,377825,1006441,1159883,634280,455794,434184,492123,464698,423477,467888,568348,655491,804436,712085,427487,390331,349097,203153,54792,125,0,0,10228539,중계,서울특별시
419,이촌,1204,49816,234094,504499,802032,647934,545259,534479,613533,649527,641276,702793,795786,862393,908792,500506,362883,333145,255306,123335,24585,384,1,0,10093562,이촌(국립중앙박물관),서울특별시
114,대방,6683,115896,275244,835466,1192652,633254,427054,408497,446357,465610,440769,479533,536503,790518,1083279,560926,404020,400168,325587,178440,28356,563,2,0,10035377,대방,서울특별시
160,마포구청,224,116282,266902,703048,1182348,671674,453163,418459,463042,465996,437777,489940,549471,701039,1013506,633228,432025,382316,363083,207137,44913,113,1,0,9995687,마포구청,서울특별시
46,광나루,83,93014,312508,720186,1035539,642450,506816,454211,480802,499248,485098,525966,631843,725674,940304,576544,404385,405166,342291,169747,35103,334,36,0,9987348,광나루(장신대),서울특별시
228,삼각지,262,45328,219930,556252,919458,522186,393344,421951,468805,507861,489730,533174,638273,852450,1126546,596610,442359,434497,405816,233865,47426,303,3,0,9856429,삼각지삼각지,서울특별시
386,올림픽공원,423,67388,273049,510410,770512,514581,448638,447913,516973,526128,528865,611844,703528,787801,831974,565259,496754,546145,470126,190458,34808,334,14,0,9843925,올림픽공원(한국체대)올림픽공원(한국체대),서울특별시
420,이태원,1343,155289,209862,274348,532439,445258,352949,359999,413817,447581,470411,528276,649087,780029,948570,755300,600017,590838,564394,409231,90988,376,1,0,9580403,이태원,서울특별시
290,수락산,690,133579,342461,734108,861155,602269,486797,446112,475378,460583,458667,500751,565193,633493,788138,712296,432857,354094,304932,188192,59669,163,9,0,9541586,수락산,서울특별시
304,신길,9916,182820,292845,807640,1266194,581458,347861,323000,370593,356928,337198,380495,483456,692978,1071198,561784,401330,408702,343676,200923,41467,217,69,0,9462748,신길신길,서울특별시
339,안암,215,46361,148058,339358,758832,599379,624614,483359,474870,570794,475022,580082,672942,812166,793909,488510,374893,391398,408739,269638,68603,1520,4,0,9383266,안암(고대병원앞),서울특별시
155,마들,241,147333,373752,929479,963801,539931,410370,397754,430762,413571,405203,450020,501633,554319,750342,705515,408676,341721,318870,198583,55679,99,4,0,9297658,마들,서울특별시
323,신정,983,170025,353840,945018,1190162,597183,368133,338291,359545,355899,334466,385890,470860,567889,828931,577116,372828,354203,328427,192625,48344,156,31,0,9140845,신정(은행정),서울특별시
248,새절,344,148539,318508,789562,995036,572108,385609,369300,405077,415246,379015,444117,528289,611867,815328,641144,389178,347461,309152,194746,61523,239,16,0,9121404,새절(신사),서울특별시
124,도곡,1363,52135,257463,604072,902981,675867,423309,423087,427240,454744,460341,524424,623670,779630,841646,527823,355025,308463,265893,115912,30895,2618,12,15,9058628,도곡,서울특별시
40,공릉,313,93417,243558,619933,852402,538917,401044,378406,434066,445940,425585,477706,573591,642474,828165,641314,403609,370297,344962,216484,59209,115,0,0,8991507,공릉(서울과학기술대),서울특별시
404,월곡,259,96670,224516,617236,958060,559180,423562,394033,397556,419891,414921,440567,551745,621257,871610,588593,370322,342525,284121,178414,44841,127,0,0,8800006,월곡(동덕여대),서울특별시
118,대치,206,45550,263130,558516,709877,467006,365676,352796,422779,479446,438983,489662,598924,784588,756629,528433,338656,378762,552142,127990,24743,108,14,11,8684627,대치,서울특별시
73,금천구청,8427,173297,311032,798930,938514,491577,368818,346257,376498,386347,351527,422191,476043,613493,923624,588333,348359,326245,254575,144542,10575,20,0,0,8659224,금천구청,서울특별시
166,매봉,107,29024,204798,513098,1212659,634579,364854,344301,334735,349739,366762,406191,461504,744358,1122124,480432,324582,324179,243239,102174,20263,589,19,2,8584312,매봉,서울특별시
239,상도,88,89147,227593,544914,870397,568972,440949,383763,409157,410897,412188,433864,513543,607731,820699,526823,380678,351606,323693,209258,50528,114,0,0,8576602,상도,서울특별시
375,오류동,7602,183891,314768,733856,798735,514569,391422,372105,425185,406447,389240,426998,489674,570933,740845,591268,375866,339847,290680,176228,11121,7,0,0,8551287,오류동,서울특별시
510,한양대,117,19315,108273,221956,810131,743669,625862,367291,582564,532096,502629,504993,600935,778648,702803,348834,272972,284268,227661,152441,31467,261,48,2,8419236,한양대,서울특별시
329,신풍,1739,185990,284781,675755,911680,552059,371482,343908,363811,365207,349063,391948,481535,592937,774808,533556,344254,312022,280505,148983,44108,4945,14,0,8315090,신풍,서울특별시
148,등촌,148,83660,243823,676312,963698,475227,356018,353948,377340,377923,368649,411057,463520,552666,797112,593178,364474,288566,261268,166460,39077,142,0,0,8214266,등촌,서울특별시
470,천왕,175,115046,299338,796131,967780,526587,326649,298322,333823,329883,316335,359138,443830,542060,787630,591021,351187,294308,249501,152942,38877,1735,1,0,8122299,천왕,서울특별시
87,남성,224,91265,227487,584105,926700,590402,389953,360063,370016,381231,360632,398021,453908,535768,735797,522124,353477,325869,281388,164210,43210,118,0,0,8095968,남성,서울특별시
243,상수,838,74229,120936,216038,503093,493953,343189,338455,406298,453767,425959,438380,528084,659362,832423,572105,428674,428260,417038,298164,61172,155,0,0,8040572,상수,서울특별시
371,영등포시장,39,45730,144399,463728,914348,487342,347230,347039,414789,468163,421743,436497,503854,622495,919015,465229,308109,290559,243792,136210,26273,103,59,0,8006745,영등포시장,서울특별시
458,중화,385,125354,260728,586701,896178,486917,338445,324219,355120,344637,335513,376455,455954,543940,726082,574174,350158,312314,277347,159622,43722,942,0,0,7874907,중화,서울특별시
521,화랑대,304,92348,314577,874367,924929,496225,342359,323376,324527,350565,308853,355641,425980,523187,650054,516566,306606,278144,243883,156440,47193,444,0,0,7856568,화랑대(서울여대입구),서울특별시
324,신정네거리,701,120073,274570,710342,746115,438865,324823,317491,343737,345454,327033,374260,447622,554083,767263,568495,334470,307497,269765,170410,41934,2499,4,0,7787506,신정네거리,서울특별시
138,동대입구,259,36671,155538,279951,789710,564586,445355,424337,383477,431514,446016,426634,506976,653978,854071,388845,305590,333116,251547,92423,14894,715,16,9,7786228,동대입구,서울특별시
200,보라매,184,86386,175394,507929,964563,479427,334322,323547,353440,353820,350213,380150,452862,556297,846392,504216,339352,308723,268970,152324,46590,515,0,0,7785616,보라매,서울특별시
359,언주,13,33460,163305,364246,962392,722726,422356,306860,313315,353785,344180,378223,453889,693897,931148,490843,291424,252612,190417,92646,21162,630,0,0,7783529,언주,서울특별시
336,아현,452,73242,219917,522009,803296,478517,368009,342797,383190,387549,378891,421251,519005,569278,691134,477359,331085,302988,261408,148706,35646,464,44,0,7716237,아현,서울특별시
453,중곡,39,88056,225448,600957,961325,538716,339983,305796,333581,332437,320900,370748,457407,552974,717047,521450,323570,289672,249051,131164,36440,78,0,0,7696839,중곡,서울특별시
356,양평,950,59227,207487,581142,1029993,473259,331575,328412,356088,338389,345910,367348,418225,567294,861043,428704,318779,259318,222296,136977,33645,83,15,0,7666159,양평,서울특별시
505,한강진,791,22488,124110,304566,591295,431568,302931,324919,348248,434837,401563,481732,614363,736902,850837,496291,342144,349217,368777,90349,27265,1946,67,0,7647206,한강진,서울특별시
14,강동구청,196,77593,219151,585617,967601,493636,334121,311502,325026,346759,339593,371517,434241,547009,810929,468673,309313,290431,237843,122380,34246,58,0,0,7627435,강동구청,서울특별시
152,마곡,42,65347,204069,508879,963424,582400,323569,288327,303969,328852,328165,365364,458887,622760,870883,489510,299829,262084,222881,105446,31896,95,25,0,7626703,마곡,서울특별시
528,효창공원앞,229,51966,173980,459316,988763,583036,349399,317375,335681,352060,327375,357301,441976,548674,850045,458268,299068,278909,236406,147097,34055,71,0,0,7591050,효창공원앞,서울특별시
168,먹골,121,110168,215500,534304,791054,460241,333004,326928,355057,350442,334083,376936,443642,523544,687213,564808,352364,307939,269053,155020,41380,1743,0,0,7534544,먹골,서울특별시
428,일원,94,48767,251676,708092,634331,470407,436473,392954,420731,413019,417070,462541,551740,663326,501848,355917,228514,199526,195618,86075,18078,268,9,3,7457077,일원,서울특별시
460,증산,357,109795,249833,583547,762515,461074,323154,306444,325728,331177,322771,358305,426696,505175,713986,531507,329520,312001,268775,159688,45135,95,0,0,7427278,증산(명지대앞),서울특별시
151,뚝섬유원지,185,74344,177342,365730,568205,400982,267405,260485,296970,337967,362879,423482,500634,592103,732651,565831,457104,437040,359690,175186,33629,128,0,0,7389972,뚝섬유원지,서울특별시
189,방학,10329,175903,267691,564331,670392,418375,365350,344587,392597,363597,370484,410887,468984,527773,618065,487353,291579,248676,209488,116755,36830,14,0,0,7360040,방학,서울특별시
88,남영,1316,48574,151840,444439,920604,517379,321758,293166,308833,312123,308112,362923,445878,587103,856984,422658,314718,304645,262474,137604,9148,10,0,0,7332289,남영,서울특별시
24,거여,25,91227,262471,740252,789451,427892,299211,278487,294443,323017,293608,327810,452009,502141,677136,525465,294320,261582,257490,132339,38930,120,19,5,7269450,거여,서울특별시
117,대청,898,62069,225829,574378,795857,418837,315160,288081,307435,327441,321758,385302,476465,566719,698807,446075,303081,269025,262539,129561,28557,130,18,11,7204033,대청,서울특별시
32,고덕,81,75988,227808,587744,561383,392468,352234,346097,362528,400573,373491,425284,509149,517783,602165,459783,272233,265336,254296,113345,40506,1929,2,0,7142206,고덕,서울특별시
355,양천향교,134,72453,227602,546444,936176,420486,272254,259935,294319,288429,291807,310507,368299,521219,780352,485594,310963,268810,245740,154149,42578,127,0,0,7098377,양천향교,서울특별시
374,오금,476,70841,206917,636325,935664,437676,294464,266241,300899,299033,280998,326243,398649,533845,709789,399446,270043,239047,243694,130235,39636,124,16,0,7020301,오금오금,서울특별시
69,굽은다리,26,99721,218387,545754,676313,418999,321967,320760,337962,348860,336418,351424,426189,473629,648520,470884,308092,277692,258625,124102,40774,122,5,0,7005225,굽은다리(강동구민회관앞),서울특별시
135,돌곶이,185,96589,229202,578149,772060,449859,327382,279257,315016,324470,317777,339314,383540,469404,607178,483380,288140,250811,236923,136087,38382,112,2,0,6923219,돌곶이,서울특별시
529,흑석,222,59944,157887,370941,594437,392670,359455,326022,367900,372978,363613,399356,476430,574994,640216,386606,302040,273814,261821,155396,33645,324,0,0,6870711,흑석,서울특별시
383,옥수,3342,50093,184986,404290,582310,416784,315927,319493,329372,351775,361219,395622,454766,553758,658815,459697,323164,295435,257831,128174,23430,55,13,2,6870353,옥수,서울특별시
388,외대앞,7116,104041,185805,305732,579785,330521,346411,342876,365252,346214,383864,386842,470948,536497,542993,397011,287904,287078,274588,183967,30711,92,0,0,6696248,외대앞,서울특별시
434,장승배기,137,94916,207388,440762,724276,461958,329848,310482,320034,329652,313832,344068,399000,447298,613334,404473,277599,256129,223995,132078,38667,88,0,0,6670014,장승배기,서울특별시
120,대흥,204,43391,120499,386001,716831,423623,344996,296580,346056,384899,322931,358088,430132,534477,637421,377724,263352,257468,257474,136344,28743,138,0,0,6667372,대흥(서강대앞),서울특별시
203,보문,367,65563,171163,468480,800705,440284,299144,280833,304579,318418,291229,326172,386872,456687,628811,403189,280800,266102,252752,166304,43520,121,3,0,6652098,보문,서울특별시
171,명일,109,82283,228776,548963,589403,370579,329501,302902,307181,324176,307541,337493,425437,422085,638597,477797,278662,249499,233320,126168,39270,203,5,0,6619950,명일,서울특별시
106,당고개,736,107667,259662,588006,602832,420487,335186,311616,320795,321647,317797,334502,379920,420925,494895,425643,282368,246984,217529,146253,40372,3739,17,0,6579578,당고개,서울특별시
51,광흥창,59,54980,160491,452758,799297,464599,306220,287922,315763,297335,288375,323203,356509,479191,703188,401324,257236,233704,204838,110090,25677,82,0,0,6522841,광흥창(서강),서울특별시
287,송파,56,47814,185685,492562,678825,399781,303075,284481,308960,320158,310272,358292,416319,468335,603597,423506,258404,233281,206108,108907,26725,2166,0,0,6437309,송파,서울특별시
206,복정,149,83173,242760,495333,686128,431466,285492,228533,281714,256704,249641,293192,385916,519123,675133,437064,284604,244722,219632,96805,19554,62,2,0,6416902,복정,서울특별시
33,고려대,337,58650,156916,425034,730045,387598,300502,268148,277090,337714,272161,323197,422633,486152,611479,379718,260113,272658,252194,153752,36761,727,1,0,6413580,고려대(종암),서울특별시
146,둔촌동,30,61616,225135,444788,605224,355723,283404,275400,293871,315914,302797,345221,420680,511365,650588,415575,240576,233198,192765,102240,20564,59,14,0,6296747,둔촌동,서울특별시
210,봉화산,305,78011,231727,698776,683069,354654,269556,243111,267523,271513,255407,281740,326842,421176,545435,458807,272299,232428,221422,130660,40081,2291,0,0,6286833,봉화산(서울의료원),서울특별시
249,샛강,132,39347,121331,402156,876878,377045,242081,241274,236142,261326,271252,285505,333132,553547,833642,349442,253585,239722,190255,97648,27928,535,0,0,6233905,샛강,서울특별시
49,광운대,27844,93994,198934,466855,572466,333318,285167,320143,293057,313260,318442,317917,383058,418679,496735,356409,250666,231447,193437,154620,60440,327,0,0,6087215,광운대,서울특별시
77,길동,99,69575,168202,382392,572902,370769,290108,295117,321944,321992,321018,344466,411206,452290,564951,380885,247858,213700,185868,96110,35026,76,5,0,6046559,길동,서울특별시
322,신이문,18148,138123,232734,516102,615739,346002,277240,264392,281835,286448,269030,313746,364206,408086,521692,390974,252159,213084,189875,119266,21403,68,0,0,6040352,신이문,서울특별시
269,선유도,13,42711,137655,476230,896035,404451,210379,214359,222882,228263,225692,248082,304478,495469,766597,386581,223246,197525,165396,90116,24688,70,2,0,5960920,선유도,서울특별시
61,구일,3835,72984,179859,447728,488448,318917,219725,213847,275942,311590,243914,297194,394695,492707,568783,356858,244125,271568,239050,105848,4950,8,0,0,5752575,구일,서울특별시
75,금호,342,65774,164849,393399,585964,383033,277735,253847,268437,279230,269399,301024,346807,420489,536177,370640,262081,222003,207842,105259,21030,62,11,4,5735438,금호,서울특별시
132,독립문,2033,73699,142833,377187,495910,408234,371611,324516,337171,340789,334306,357797,387163,399476,426030,273546,187277,161800,138234,74862,35153,6469,22,48,5656166,독립문,서울특별시
513,행당,286,60245,180660,469814,681592,366539,255176,238833,254862,252339,249178,279200,317651,385969,534986,353577,236108,216033,188123,103751,27672,119,17,1,5652731,행당,서울특별시
473,청구,193,52182,132590,316572,739124,408528,242171,229297,231552,250277,243006,260780,314006,376901,569895,367061,234030,205954,187426,106019,24911,104,35,6,5492620,청구청구,서울특별시
188,방이,26,42450,147513,346231,548913,312704,236729,211560,263586,259148,254616,287586,333442,446778,548618,353430,234578,237042,231802,89688,17074,71,18,0,5403603,방이,서울특별시
158,마천,673,95937,221364,592499,568237,315247,230912,206002,224571,225691,201742,253474,303093,342053,469024,370921,207225,200701,179435,104555,37915,103,11,14,5351399,마천,서울특별시
232,삼성중앙,12,18488,91125,276492,666137,507207,245423,190004,200162,219911,216368,232579,284916,447869,723397,350771,208794,188454,141287,72157,16132,38,0,0,5297723,삼성중앙,서울특별시
30,경찰병원,285,39775,136575,404296,694578,381419,259287,222538,225231,247450,234180,252470,263773,400362,539746,306612,207421,180713,156364,79770,20159,79,2,0,5253085,경찰병원,서울특별시
403,월계,12643,82618,162897,423840,479910,355808,260436,242012,274267,297822,247225,283414,370867,372882,434207,316786,186568,176958,143653,92130,18241,12,0,0,5235196,월계,서울특별시
354,양천구청,213,74948,178377,494986,529060,299942,217095,206282,229192,227950,214712,239970,288619,368864,495290,372133,220567,207411,177496,123365,35315,469,2,0,5202258,양천구청,서울특별시
236,삼전,78,64835,123404,320694,579043,375814,226601,199687,219517,226521,217178,233657,270198,363870,524963,370006,244421,228330,200168,115629,30857,4981,0,0,5140452,삼전,서울특별시
459,증미,18,41500,156036,409264,786221,323087,200437,185310,194799,195633,190758,216993,251404,375593,647929,319350,182367,160119,128751,83577,17847,59,0,0,5067052,증미,서울특별시
58,구산,99,72127,178950,477649,584370,319524,233434,234958,250724,240176,223048,261767,320234,318587,392841,332214,190499,173165,152361,83724,22363,38,0,0,5062852,구산,서울특별시
317,신방화,62,69049,180574,432615,508246,280037,219373,214640,241436,233178,221143,262127,299720,317669,464215,343329,222646,190121,167408,102619,29442,76,4,0,4999729,신방화,서울특별시
190,방화,178,66401,190247,426560,498164,281503,224152,221683,236645,240273,236905,257059,298613,319810,410562,317065,206600,174034,162594,94128,32300,3073,15,5,4898569,방화,서울특별시
175,몽촌토성,25,40642,144052,281202,572803,335954,217111,222085,222971,230820,227630,249665,311934,381995,502131,295406,197398,191334,158058,81005,20197,49,0,0,4884467,몽촌토성(평화의문),서울특별시
19,개롱,115,55100,164447,395848,494450,276608,214179,203876,219808,230935,220668,237608,327335,364376,435638,336023,201028,172027,170803,84142,22850,54,18,1,4827937,개롱,서울특별시
344,애오개,430,35226,125277,347590,658453,329692,200747,196180,208723,230418,216347,233485,262102,353871,551744,270509,178492,158490,139648,76957,30350,4047,48,52,4808878,애오개,서울특별시
303,신금호,395,44077,128567,380853,537832,295280,204451,193851,215352,223156,216265,250311,306785,342962,464884,318563,205825,181422,157255,92487,24782,88,32,1,4785476,신금호,서울특별시
266,석촌고분,22,40490,105351,284706,561793,360823,214639,192667,211481,215928,200511,226928,261972,328130,508041,324838,225506,202187,172403,99079,26243,62,0,0,4763800,석촌고분,서울특별시
285,송정,319,63850,155390,353199,445852,287045,228972,219107,232761,228998,226700,243551,287059,330596,421123,299574,204326,185734,164549,95221,26336,96,6,15,4700379,송정,서울특별시
245,상월곡,138,72354,141636,361884,545549,299930,235580,210106,205484,212751,204210,214188,260626,300948,382730,304121,175330,187876,151781,99297,25485,70,0,0,4592074,상월곡(한국과학기술연구원),서울특별시
406,월드컵경기장,16,27556,87018,175297,255274,198745,222125,250308,280913,316475,328514,360863,390993,363013,448153,293017,162882,178689,180539,51277,8958,16,0,0,4580641,월드컵경기장(성산),서울특별시
185,반포,37,28608,174969,258978,401684,319696,210479,210025,228357,234092,234420,256278,351066,350157,385439,252329,186400,184107,145459,62963,12528,13,0,0,4488084,반포,서울특별시
391,용마산,77,72599,166056,355708,506762,300373,205937,178633,190108,191370,181442,210673,244542,281677,375485,299944,186457,172132,150314,90831,25914,28,0,0,4387062,용마산,서울특별시
127,도봉,4492,111570,175079,308943,362223,273539,241335,220816,236854,233405,244021,260853,284278,315236,344840,259323,161149,131159,118769,65265,21053,2,0,0,4374204,도봉,서울특별시
157,마장,6,38650,124119,285318,466633,277093,207796,197239,224600,212051,199740,217463,251841,297309,388640,246334,164318,152093,132790,71194,17779,211,16,0,4173233,마장,서울특별시
288,송파나루,24,29652,81703,209070,392965,259604,163233,181533,199637,213726,199651,207219,260517,322053,458689,316436,189016,188941,156072,81828,23739,48,1,0,4135357,송파나루,서울특별시
23,개화산,25,61717,159347,366533,460805,233591,172384,173709,192827,179269,172778,193179,231155,285679,384102,267998,162001,149166,133288,70807,22629,658,2,4,4073653,개화산,서울특별시
98,녹사평,542,24551,76906,181108,321471,193578,157487,161814,180932,204229,199422,229318,282709,343203,430134,279862,212479,213887,191181,111618,20040,75,0,0,4016546,녹사평(용산구청),서울특별시
433,잠원,28,28304,150016,236093,344863,228551,165242,168045,175135,188289,175623,196330,250726,291461,295913,201166,135366,138403,131413,62491,12428,37,34,0,3575957,잠원,서울특별시
17,강일,20,42633,140497,346569,365683,210377,163449,144721,159299,149578,144332,174108,209636,251974,312411,247823,149191,134690,117284,77034,20844,63,0,0,3562216,강일,서울특별시
94,노들,144,53194,94622,249630,339275,209139,159140,137991,150989,158307,151276,170783,193014,223571,302113,207028,143670,135940,113990,65209,14341,68,0,0,3273434,노들,서울특별시
100,녹천,15349,63543,118608,339697,323336,180776,150522,136340,160650,143172,133996,146924,188461,199956,254025,203039,123752,113927,94170,60802,14295,3,0,0,3165343,녹천,서울특별시
176,무악재,305,26302,100487,234811,307953,193474,150860,135612,138112,138802,137088,149418,179999,216646,290925,204927,134101,122019,103410,65265,12796,61,17,0,3043390,무악재,서울특별시
365,역촌,32,30930,101019,245705,322273,166441,123783,125271,143884,141315,132859,139582,170294,201878,292924,223996,126285,123432,105553,70431,18011,16,0,0,3005914,역촌,서울특별시
315,신목동,20,31669,112819,312103,344633,169528,123362,118746,117541,124394,118296,123732,167486,203685,261775,188544,110969,115626,102056,55187,19293,1193,1,0,2922658,신목동,서울특별시
316,신반포,16,18819,180668,175611,227193,149612,126666,109304,124098,145126,143044,179297,264428,269973,263644,168522,112270,105502,87533,41095,7427,23,0,0,2899871,신반포,서울특별시
225,사평,11,13744,61265,200694,278085,157197,123089,120070,134092,143263,141437,151837,196476,218586,251838,179595,111827,100754,97780,47234,11222,29,0,0,2740125,사평,서울특별시
144,동작,227,22701,75756,152915,224849,170465,146876,146754,145168,150647,151036,159799,173817,197590,226874,130789,108661,87715,72635,42408,17352,3749,3,0,2608786,동작(현충원)동작(현충원),서울특별시
467,창신,140,37520,94118,259247,301422,165660,110949,99573,105747,105507,97148,113012,138798,153406,184338,136460,98882,86329,78058,48028,11923,15,0,0,2426280,창신,서울특별시
41,공항시장,104,46392,76008,156665,196275,125113,101640,100398,111932,111659,106284,119463,141143,160136,196514,167460,114631,99345,87383,59952,19236,69,1,0,2297803,공항시장,서울특별시
389,용답,57,33499,58818,128629,223059,160844,106557,93154,104222,116638,103783,118858,153520,160190,194544,128661,88305,93677,85581,51559,13021,23,0,0,2217199,용답,서울특별시
133,독바위,23,32481,75837,203459,205890,126600,101327,85453,95728,88276,86950,97270,116792,128336,184936,156274,93850,78352,75197,49145,15906,27,0,0,2098109,독바위,서울특별시
509,한성백제,0,16412,54248,120129,207887,131604,91699,88177,96458,102558,102929,106999,122104,146482,206543,124492,84146,74934,64987,34547,10949,20,1,0,1988305,한성백제,서울특별시
504,학여울,77,9988,45262,98657,172298,125181,109020,100178,114322,125161,124603,132030,140581,156012,160546,83087,56053,49496,38363,19274,4488,21,0,2,1864700,학여울,서울특별시
390,용두,479,17000,34602,98106,193097,107166,91169,93305,93915,105401,107253,115436,118416,125433,174889,101351,59946,58528,41215,24785,6950,130,2,0,1768574,용두(동대문구청),서울특별시
196,버티고개,58,14534,38912,96989,166545,106026,77782,69618,75960,77982,76422,88594,95792,121029,158949,104914,68196,63739,57892,33860,7509,465,2,0,1601769,버티고개,서울특별시
306,신내,196,22698,80121,173735,198071,84644,62875,59241,61336,67076,60635,83366,100578,119097,152896,94521,51248,45127,41073,24711,8310,6,0,0,1591561,신내,서울특별시
308,신답,113,16970,32271,95849,168682,76854,47422,43704,47289,47750,49383,57810,72531,87337,153934,104131,52417,56234,46620,30756,7069,43,0,0,1295169,신답,서울특별시
126,도림천,16,9245,27920,92593,122959,55511,45751,38296,54685,42907,49769,52156,66135,66490,86961,56786,33984,30137,21696,13976,3860,87,3,0,971923,도림천,서울특별시
91,남태령,627,6992,30488,80101,118228,66199,47195,45573,47752,43561,44394,46030,61550,87441,77960,43519,35228,25529,16189,8940,1848,0,1,0,935345,남태령,서울특별시
57,구반포,11,5234,33194,53164,82320,61759,37687,37750,43763,48931,47971,52814,64738,78151,92892,47085,29313,24411,20683,9624,3024,27,0,0,874546,구반포,서울특별시
147,둔촌오륜,2,8233,35309,84850,82697,45771,29934,30394,30659,33606,32187,43699,74177,58302,65787,46392,27969,26746,25234,12738,3831,410,1,0,798928,둔촌오륜,서울특별시
