호선명,역명,사용월,04시-05시 승하차인원,05시-06시 승하차인원,06시-07시 승하차인원,07시-08시 승하차인원,08시-09시 승하차인원,09시-10시 승하차인원,10시-11시 승하차인원,11시-12시 승하차인원,12시-13시 승하차인원,13시-14시 승하차인원,14시-15시 승하차인원,15시-16시 승하차인원,16시-17시 승하차인원,17시-18시 승하차인원,18시-19시 승하차인원,19시-20시 승하차인원,20시-21시 승하차인원,21시-22시 승하차인원,22시-23시 승하차인원,23시-24시 승하차인원,00시-01시 승하차인원,01시-02시 승하차인원,02시-03시 승하차인원,03시-04시 승하차인원,총 승차인원,지하철역,주소
1호선,가산디지털단지,2629183,21302,144098,280919,912011,2192388,1102682,438734,362233,383571,405821,403007,438573,611561,1242450,1795371,840282,511184,449762,341207,163619,17753,10,4,0,13058542,가산디지털단지,서울특별시
1호선,구로,2629183,154304,364216,422673,897329,1432363,873761,617354,564918,578278,604611,602734,681527,811442,1164717,1366873,729831,520453,485632,385855,253289,160526,477,17,0,13673180,구로,서울특별시
1호선,금천구청,2629183,8427,173297,311032,798930,938514,491577,368818,346257,376498,386347,351527,422191,476043,613493,923624,588333,348359,326245,254575,144542,10575,20,0,0,8659224,금천구청,서울특별시
1호선,남영,2629183,1316,48574,151840,444439,920604,517379,321758,293166,308833,312123,308112,362923,445878,587103,856984,422658,314718,304645,262474,137604,9148,10,0,0,7332289,남영,서울특별시
1호선,노량진,2629183,6400,88010,167328,344522,520510,333745,254770,289000,322696,342007,324398,358523,427620,554934,744838,459696,350814,354321,321830,151066,12822,19,0,0,6729869,노량진,서울특별시
1호선,대방,2629183,6421,98414,243852,748096,1034938,540054,358714,337526,369277,382682,362256,397990,446096,675914,940272,477038,338589,336486,272818,147589,19065,15,0,0,8534102,대방,서울특별시
1호선,독산,2629183,8861,135118,403736,1198506,1936741,952450,449768,390312,426238,425713,393123,465928,612119,1163050,1549973,898417,518969,448826,353249,177481,11952,30,0,0,12920560,독산,서울특별시
1호선,동대문,2629183,10070,167186,203681,336001,523634,517192,508736,564818,617486,611540,622054,614175,608491,591057,569103,468003,357260,320692,272423,170362,32788,2210,11,0,8688973,동대문,서울특별시
1호선,동묘앞,2629183,2421,50530,107563,200952,401651,344042,406727,560356,674970,801417,795482,770073,694028,582603,411507,223709,145617,134463,123548,65906,22440,3391,39,0,7523435,동묘앞,서울특별시
1호선,서울역,5258366,8524,224378,846730,2089854,4001091,2927801,2008780,2084061,2344047,2315692,1959032,2460193,2682763,3537731,4295026,2515287,1797163,1822047,1266456,583838,69514,2971,63,0,41843042,서울역,서울특별시
1호선,시청,2629183,1460,88002,348293,958693,2571163,1285050,712772,788287,782716,850622,867492,971744,1063252,1491733,2365988,933022,762275,708797,470526,177072,16179,395,10,0,18215543,시청,서울특별시
1호선,신길,2629183,9137,154816,215621,555500,789882,377004,239175,221406,261652,246010,232437,264011,334663,462190,666785,355389,247559,252043,201058,110373,18651,19,1,0,6215382,신길,서울특별시
1호선,신도림,2629183,6311,41549,87057,212103,342559,178525,130170,119266,126623,134968,128160,147964,171885,250544,364481,186030,125631,122093,99725,52082,14101,28,0,0,3041855,신도림,서울특별시
1호선,신설동,2629183,4879,141947,234178,559787,1105155,668917,497854,491766,507972,538016,522067,560184,648983,801351,1041381,531436,362150,336721,266448,159024,29730,206,15,0,10010167,신설동,서울특별시
1호선,영등포,2629183,58061,306066,533889,1294799,2403663,1737788,1459864,1635888,1769379,1921888,1840627,2090725,2326299,2731182,3562316,2130585,1760468,1412350,1133465,503926,48069,106,6,0,32661409,영등포,서울특별시
1호선,용산,2629183,5397,125407,545700,1284400,2456798,1986909,1526943,1586137,1583559,1791611,1668390,2149460,2277317,2678373,3224822,2020871,1765167,1576176,1008366,420312,27298,29,2,2,31709446,용산,서울특별시
1호선,제기동,2629183,5090,90904,220816,536475,924717,730434,823919,999811,1118946,1170002,1155674,1131569,1044921,926580,866342,495624,322126,262346,203991,115624,17572,116,2,0,13163601,제기동,서울특별시
1호선,종각,2629183,1221,107055,366431,1380761,3357092,2003335,1023907,1098323,1093541,1199324,1223203,1340209,1494193,2395270,3365817,1497735,1175475,1228863,929958,429234,22459,573,3,0,26733982,종각,서울특별시
1호선,종로3가,2629183,2261,89414,218277,393507,1026547,1051185,1016168,1251580,1425146,1470721,1471986,1474486,1508800,1615028,1812394,1038929,763000,769489,600445,281712,39710,805,27,0,19321617,종로3가,서울특별시
1호선,종로5가,2629183,531,71169,234639,601057,1367152,969553,989532,1186425,1287479,1332600,1380200,1348188,1346544,1539043,1667891,876031,571766,508295,334579,124911,14104,106,2,0,17751797,종로5가,서울특별시
1호선,청량리,2629183,12354,192005,478323,698715,1064468,828415,856365,976336,1048930,1114529,1134760,1183628,1243969,1189520,1162818,706142,475561,414303,314588,166445,43893,457,6,0,15306530,청량리(서울시립대입구),서울특별시
2호선,강남,2629183,2618,276720,906633,2400320,4697638,4646346,2586274,2246048,2423155,2817066,2771700,3049963,3466379,4909608,6465909,4078326,2831984,3017149,2802259,1394544,257115,1874,357,0,58049985,강남,서울특별시
2호선,강변,2629183,372,140529,642295,1325267,2085013,1592162,1342733,1211424,1236264,1251019,1252941,1398575,1529932,1810513,2249998,1610645,1168788,975377,811953,406471,81647,1205,93,0,24125216,강변(동서울터미널),서울특별시
2호선,건대입구,2629183,4710,236757,500338,1003740,1997586,1483117,1054863,1102215,1278346,1407554,1423765,1561599,1863057,2375612,3167031,2261656,1707550,1738120,1693624,1025585,225163,10528,331,26,29122873,건대입구,서울특별시
2호선,교대,2629183,395,124297,485262,1057498,2475611,2206896,1251617,1196739,1157466,1302820,1331505,1355224,1442869,2100188,2764637,1427269,1034410,1044554,892074,392939,79005,427,125,0,25123827,교대(법원·검찰청),서울특별시
2호선,구로디지털단지,2629183,3928,548254,941608,2813233,5466846,3338664,1639633,1360356,1463903,1599695,1522882,1679880,2030755,3100073,4918126,3088156,1936664,1804395,1605968,888794,200408,3788,168,0,41956177,구로디지털단지,서울특별시
2호선,구의,2629183,703,189901,556089,1071243,1974201,1202443,728787,654711,703815,733587,719214,823694,998431,1206377,1760423,1175937,797495,765217,713145,406843,103267,1826,105,14,17287468,구의(광진구청),서울특별시
2호선,낙성대,2629183,433,174627,472119,1312136,2158729,1480845,935688,801701,883745,897521,868548,944344,1095533,1370439,1944007,1496407,1013125,965272,912602,547424,131083,2635,143,0,20409106,낙성대,서울특별시
2호선,당산,2629183,366,123749,377746,944487,1704206,918151,564075,536041,575195,595241,573895,640629,783338,1149134,1734803,993826,687208,684684,619004,367605,76769,2074,173,3,14652402,당산,서울특별시
2호선,대림,2629183,9180,464269,540484,1145715,1922708,1257896,883457,851872,855262,862658,831497,945373,1100740,1351982,1576580,1055230,751372,810850,726655,357832,79700,2654,67,3,18384036,대림(구로구청),서울특별시
2호선,도림천,2629183,16,9245,27920,92593,122959,55511,45751,38296,54685,42907,49769,52156,66135,66490,86961,56786,33984,30137,21696,13976,3860,87,3,0,971923,도림천,서울특별시
2호선,동대문역사문화공원,2629183,3058,82359,160804,365610,780784,564263,527890,583057,616866,646518,699786,740753,804166,891749,974750,707367,518862,498821,397080,227467,59866,1682,100,0,10853658,동대문역사문화공원,서울특별시
2호선,뚝섬,2629183,155,68763,306885,718318,2070209,1395044,719473,631832,696751,772640,779373,877238,1023499,1410239,2256938,1158873,736746,676720,502458,236552,49190,990,56,0,17088942,뚝섬,서울특별시
2호선,문래,2629183,101,79910,328654,1013817,2227665,1144189,603291,554085,625391,659292,632083,689451,836270,1241942,2105619,1018552,619295,603256,508489,278512,62399,1249,101,0,15833613,문래,서울특별시
2호선,방배,2629183,44,68361,269306,634519,1378712,1023416,651900,588421,627935,648357,671795,702875,803952,1016990,1355208,743198,522151,500953,456167,220390,49610,345,86,0,12934691,방배,서울특별시
2호선,봉천,2629183,973,215738,451983,1204500,1910285,1224037,781824,709869,763319,784385,751996,847088,955139,1112276,1528290,1203233,787107,736371,671237,381727,103501,4329,63,11,17129281,봉천,서울특별시
2호선,사당,2629183,1436,213988,784242,1566264,2199413,1674615,1212442,1278703,1374915,1365685,1411635,1584332,1903774,2545246,3416144,2358721,1706039,1738754,1673077,986964,207472,7553,264,0,31211678,사당,서울특별시
2호선,삼성,2629183,2262,127391,620098,1915630,4580010,3376582,1760862,1549721,1597262,1877266,1908200,2068324,2373274,3605453,4774741,2471545,1746636,1522215,1024381,340296,89323,12939,109,141,39344661,삼성(무역센터),서울특별시
2호선,상왕십리,2629183,689,79352,254175,674414,1263499,701764,457856,415188,463978,465703,461010,510721,593776,766235,1031768,689687,454039,423076,369799,208954,54723,502,47,0,10340955,상왕십리,서울특별시
2호선,서울대입구,2629183,55342,392776,740912,1993852,3145596,2371087,1597365,1391696,1531143,1652811,1562523,1713812,1963933,2467722,3408408,2575694,1730478,1686204,1619949,935054,285126,39220,321,171,34861195,서울대입구(관악구청),서울특별시
2호선,서초,2629183,287,86148,387777,873494,1822220,1553146,819129,794335,656234,789052,767064,807662,906994,1250424,1596010,805271,533400,525902,387796,161660,29336,186,18,0,15553545,서초,서울특별시
2호선,선릉,2629183,1622,143449,670432,1722451,4067637,3295040,1817032,1412198,1461792,1663812,1640595,1818096,2144353,3162877,4525807,2330357,1471406,1405705,1211834,500632,105311,1939,124,2,36574503,선릉,서울특별시
2호선,성수,2629183,790,122578,511844,1261852,3818287,2259168,1123623,992141,1099813,1250306,1293293,1410251,1627361,2415701,3973787,1968558,1249715,1125736,864150,420421,113881,10901,154,159,28914470,성수,서울특별시
2호선,시청,2629183,926,34111,252581,889637,2813454,1239716,572670,623760,626174,710713,743221,803062,876916,1496969,2440723,884571,656021,622844,420805,187367,35429,982,670,1,16933323,시청,서울특별시
2호선,신답,2629183,113,16970,32271,95849,168682,76854,47422,43704,47289,47750,49383,57810,72531,87337,153934,104131,52417,56234,46620,30756,7069,43,0,0,1295169,신답,서울특별시
2호선,신당,2629183,365,91675,250713,571400,1016656,649801,486078,495541,551748,573783,572386,608288,718555,860545,1087863,722290,495203,454546,410560,233453,56824,665,68,0,10909006,신당,서울특별시
2호선,신대방,2629183,2328,341441,573142,1365222,2064156,1305889,820747,721352,760531,776460,760771,875979,1002668,1236469,1649645,1340216,921637,920270,845252,481787,114414,2719,75,0,18883170,신대방,서울특별시
2호선,신도림,2629183,49502,498839,932986,2271766,3272322,2013447,1581752,1555526,1683440,1764992,1723004,1888193,2165812,2761842,3844779,2535244,1727012,1726178,1512654,959371,309089,31542,409,280,36809981,신도림,서울특별시
2호선,신림,2629183,3401,550856,1179170,2813759,4254465,2810271,1763460,1614027,1751415,1779075,1770031,1975152,2298899,2806623,4029788,3367281,2259157,2166671,2000772,1251131,312017,6182,264,0,42763867,신림,서울특별시
2호선,신설동,2629183,605,21704,43460,124571,276232,177814,158590,165582,178779,195261,186383,189615,189437,220070,258677,130191,87603,79073,65235,38385,11032,1834,5,0,2800138,신설동,서울특별시
2호선,신정네거리,2629183,701,120073,274570,710342,746115,438865,324823,317491,343737,345454,327033,374260,447622,554083,767263,568495,334470,307497,269765,170410,41934,2499,4,0,7787506,신정네거리,서울특별시
2호선,신촌,2629183,1027,137877,386514,932554,1775188,1717073,1337710,1358154,1567317,1716272,1616182,1690342,1926238,2380749,2746398,1849921,1461432,1463296,1409652,786486,153632,2009,346,0,28416369,신촌,서울특별시
2호선,아현,2629183,452,73242,219917,522009,803296,478517,368009,342797,383190,387549,378891,421251,519005,569278,691134,477359,331085,302988,261408,148706,35646,464,44,0,7716237,아현,서울특별시
2호선,양천구청,2629183,213,74948,178377,494986,529060,299942,217095,206282,229192,227950,214712,239970,288619,368864,495290,372133,220567,207411,177496,123365,35315,469,2,0,5202258,양천구청,서울특별시
2호선,역삼,2629183,536,139480,612152,2045740,4960026,4253692,1989294,1311542,1284634,1453951,1417172,1591615,1824224,3371072,4389531,2428514,1426260,1322015,973556,420489,82229,1006,52,0,37298782,역삼,서울특별시
2호선,영등포구청,2629183,534,112484,341592,967301,2204396,1077613,641919,622024,654528,695591,694655,725353,852496,1164910,2024983,934881,627049,588050,484456,274596,69653,2025,168,5,15761262,영등포구청,서울특별시
2호선,왕십리,2629183,11513,107071,217903,501177,956518,624130,450793,465298,528285,555806,556780,614724,741607,926954,1221919,769066,584726,598247,602213,376035,91081,1088,250,0,11503184,왕십리,서울특별시
2호선,용답,2629183,57,33499,58818,128629,223059,160844,106557,93154,104222,116638,103783,118858,153520,160190,194544,128661,88305,93677,85581,51559,13021,23,0,0,2217199,용답,서울특별시
2호선,용두,2629183,479,17000,34602,98106,193097,107166,91169,93305,93915,105401,107253,115436,118416,125433,174889,101351,59946,58528,41215,24785,6950,130,2,0,1768574,용두(동대문구청),서울특별시
2호선,을지로3가,2629183,272,36325,279080,957480,2393959,1108901,634803,626092,626266,694785,708643,749113,881060,1530443,2270895,996359,696117,717330,625602,368811,62697,1135,87,5,16966260,을지로3가,서울특별시
2호선,을지로4가,2629183,128,29251,201287,498046,1127448,641916,470441,510931,505447,528968,546346,559272,621275,933152,1084231,504912,307424,269629,209689,116508,27112,571,48,3,9694035,을지로4가,서울특별시
2호선,을지로입구,2629183,996,66193,387093,1691819,4375812,2270603,1251150,1299688,1275893,1404911,1427606,1558779,1747133,2740241,4321958,1956715,1633429,1231933,953991,427403,99224,9549,203,79,32132401,을지로입구,서울특별시
2호선,이대,2629183,515,58155,203455,512457,990688,832738,656139,567931,696932,726311,639684,727675,788580,998898,1077416,714346,534394,525796,472362,276577,59852,1139,85,0,12062125,이대,서울특별시
2호선,잠실,2629183,1302,222327,1047218,2509319,4424695,3701002,2584733,2604224,2695136,2853783,2952615,3366830,3846507,4818494,6072441,4081538,3429926,3160265,2438154,1015696,168528,2769,234,0,57997736,잠실(송파구청),서울특별시
2호선,잠실나루,2629183,199,65758,290500,767421,1088221,711941,558118,522455,562450,555438,544965,576861,660600,817539,895802,564109,380764,338437,307537,163281,37941,600,26,0,10410963,잠실나루,서울특별시
2호선,잠실새내,2629183,578,78273,332515,918091,1360759,1026857,743856,745410,816921,863838,855785,966898,1078312,1311931,1658349,1164763,820032,761159,742586,413338,88361,1675,121,0,16750408,잠실새내,서울특별시
2호선,종합운동장,2629183,237,32352,198101,432399,634179,414463,337099,311936,414411,488258,440473,556230,778472,1007588,985964,503589,450698,729050,719099,172833,25330,1398,27,5,9634191,종합운동장,서울특별시
2호선,충정로,2629183,411,54241,179241,485017,1065060,542743,310342,290428,299658,331333,326730,340625,403208,589180,891402,387913,257147,253548,211314,124155,30611,693,56,4,7375060,충정로(경기대입구),서울특별시
2호선,한양대,2629183,117,19315,108273,221956,810131,743669,625862,367291,582564,532096,502629,504993,600935,778648,702803,348834,272972,284268,227661,152441,31467,261,48,2,8419236,한양대,서울특별시
2호선,합정,2629183,1287,167019,418776,977739,1949015,1590756,1025005,1037629,1149785,1285353,1261529,1326111,1556386,2052960,3003953,2004116,1348842,1347469,1245901,716465,159876,3043,205,0,25629220,합정,서울특별시
2호선,홍대입구,2629183,13633,411208,626245,1288439,2393497,2410480,1870588,2183136,2609619,2914415,2927955,3217668,3704383,4454356,5354261,4036141,3125844,3254486,3104582,1741317,337180,22537,553,113,52002636,홍대입구,서울특별시
3호선,가락시장,2629183,663,42667,168576,409534,660589,405205,324322,322311,330805,335155,341482,375975,416315,522953,690083,384211,272809,238596,196691,98073,26914,662,8,0,6564599,가락시장,서울특별시
3호선,경복궁,2629183,1008,54411,261853,701519,1893991,1385123,1041879,1049117,1073217,1156293,1197606,1250349,1358405,1569260,1919757,915684,689283,662625,471078,199821,29692,543,474,5,18882993,경복궁(정부서울청사),서울특별시
3호선,경찰병원,2629183,285,39775,136575,404296,694578,381419,259287,222538,225231,247450,234180,252470,263773,400362,539746,306612,207421,180713,156364,79770,20159,79,2,0,5253085,경찰병원,서울특별시
3호선,고속터미널,2629183,1400,118041,539727,972778,1552446,1896363,1937789,2210813,2303391,2428448,2619183,2841074,2976384,3270182,3309030,2493833,2291852,1557496,1024852,429362,46321,200,54,0,36821019,고속터미널,서울특별시
3호선,교대,2629183,915,27349,139312,376408,793609,621033,378606,351688,371812,429057,457004,469307,515490,798329,1119395,517590,407015,410192,364210,138848,19852,82,31,0,8707134,교대(법원·검찰청),서울특별시
3호선,구파발,2629183,1363,157071,538803,1405942,1396840,938550,771696,709567,749162,752285,769050,814785,963885,1060575,1357114,1056630,661814,592164,508081,313230,104647,3497,77,80,15626908,구파발,서울특별시
3호선,금호,2629183,342,65774,164849,393399,585964,383033,277735,253847,268437,279230,269399,301024,346807,420489,536177,370640,262081,222003,207842,105259,21030,62,11,4,5735438,금호,서울특별시
3호선,남부터미널,2629183,617,54677,451543,1168912,2520464,1550670,1079861,979065,1018016,1138313,1137587,1187088,1415343,1991683,2563763,1339346,893924,776984,633852,243573,33542,151,29,0,22179003,남부터미널(예술의전당),서울특별시
3호선,녹번,2629183,824,137003,380284,1014401,1210846,723259,490317,436356,465162,447902,436895,477671,581635,705480,1050760,788893,491390,433796,380334,216639,42904,111,33,0,10912895,녹번,서울특별시
3호선,대청,2629183,898,62069,225829,574378,795857,418837,315160,288081,307435,327441,321758,385302,476465,566719,698807,446075,303081,269025,262539,129561,28557,130,18,11,7204033,대청,서울특별시
3호선,대치,2629183,206,45550,263130,558516,709877,467006,365676,352796,422779,479446,438983,489662,598924,784588,756629,528433,338656,378762,552142,127990,24743,108,14,11,8684627,대치,서울특별시
3호선,도곡,2629183,483,15388,105066,284058,394624,292622,177015,176599,173921,183632,183243,210224,255720,331464,355235,219342,145322,127393,112661,48482,24703,2605,12,15,3819829,도곡,서울특별시
3호선,독립문,2629183,2033,73699,142833,377187,495910,408234,371611,324516,337171,340789,334306,357797,387163,399476,426030,273546,187277,161800,138234,74862,35153,6469,22,48,5656166,독립문,서울특별시
3호선,동대입구,2629183,259,36671,155538,279951,789710,564586,445355,424337,383477,431514,446016,426634,506976,653978,854071,388845,305590,333116,251547,92423,14894,715,16,9,7786228,동대입구,서울특별시
3호선,매봉,2629183,107,29024,204798,513098,1212659,634579,364854,344301,334735,349739,366762,406191,461504,744358,1122124,480432,324582,324179,243239,102174,20263,589,19,2,8584312,매봉,서울특별시
3호선,무악재,2629183,305,26302,100487,234811,307953,193474,150860,135612,138112,138802,137088,149418,179999,216646,290925,204927,134101,122019,103410,65265,12796,61,17,0,3043390,무악재,서울특별시
3호선,불광,2629183,409,136611,321368,802758,1191341,842631,654494,621216,667573,706196,695355,747663,819273,904900,1159643,827519,535571,467160,385700,216374,47758,167,60,0,12751740,불광,서울특별시
3호선,수서,2629183,2736,93476,381489,899724,1282945,836173,712279,585327,730685,676050,601397,803745,912607,1080689,1329599,797816,644296,504017,489600,196218,42079,2661,24,33,13605665,수서,서울특별시
3호선,신사,2629183,989,75404,316214,708778,1528994,1940106,1134138,955148,994395,1090550,1143530,1218598,1381869,1849527,2545653,1633110,1028748,1037612,880269,417039,67036,182,115,0,21948004,신사,서울특별시
3호선,안국,2629183,275,41326,309929,1201702,1558626,1126440,948974,1100865,1112954,1157915,1251992,1326791,1524596,1939402,1919067,870250,666334,589213,359590,130030,17018,117,42,2,19153450,안국,서울특별시
3호선,압구정,2629183,1283,65786,406330,817550,2236442,2251517,1376074,1256163,1180082,1290100,1335226,1409261,1576139,1991806,2633178,1670118,1185160,927666,702065,245731,47114,2250,96,0,24607137,압구정,서울특별시
3호선,약수,2629183,1461,100622,218262,528888,924536,629964,446891,430193,459808,470460,476231,512195,603547,715367,972845,593671,423137,410715,349576,184535,50697,4838,23,64,9508526,약수,서울특별시
3호선,양재,2629183,1249,101681,736202,1813617,3566476,1967340,1141041,1048378,1037640,1175409,1147832,1267227,1519177,2417296,3477817,1750382,1221058,1124781,841267,350892,57336,394,82,3,27764577,양재(서초구청),서울특별시
3호선,연신내,2629183,3502,361363,802244,1919199,2330851,1580133,1200639,1168359,1296430,1258149,1228953,1367930,1619346,1759677,2328821,1892237,1194073,1094161,949194,581947,144554,574,99,2,26082437,연신내,서울특별시
3호선,오금,2629183,382,52054,138385,417488,561642,278526,185638,162306,183159,185431,168361,193876,232687,321029,424068,259436,176481,158045,166966,85407,28467,103,4,0,4379941,오금,서울특별시
3호선,옥수,2629183,3331,49750,183523,403182,577550,415976,312902,316593,328169,351346,360751,395197,448996,547047,657800,453973,322243,294599,257549,128051,23414,55,13,2,6832012,옥수,서울특별시
3호선,을지로3가,2629183,304,20801,128580,456400,1067405,490699,306216,303025,303366,331358,340899,362560,425068,739710,1117258,480902,311185,303689,246217,137720,18390,187,34,1,7891974,을지로3가,서울특별시
3호선,일원,2629183,94,48767,251676,708092,634331,470407,436473,392954,420731,413019,417070,462541,551740,663326,501848,355917,228514,199526,195618,86075,18078,268,9,3,7457077,일원,서울특별시
3호선,잠원,2629183,28,28304,150016,236093,344863,228551,165242,168045,175135,188289,175623,196330,250726,291461,295913,201166,135366,138403,131413,62491,12428,37,34,0,3575957,잠원,서울특별시
3호선,종로3가,2629183,451,22116,89496,221785,613184,609078,510310,464227,462516,457497,476867,495337,525891,662664,924023,518045,300867,305630,241157,117230,15522,287,108,20,8034308,종로3가,서울특별시
3호선,충무로,2629183,281.5,28736,142059,368175.5,928557.5,527642.5,375785.5,363681,343421.5,381436,393457.5,394597,466022,696844,985664.5,434873.5,308387.5,318402.5,248882,115071.5,16642,451,25,5,7839101,충무로,서울특별시
3호선,학여울,2629183,77,9988,45262,98657,172298,125181,109020,100178,114322,125161,124603,132030,140581,156012,160546,83087,56053,49496,38363,19274,4488,21,0,2,1864700,학여울,서울특별시
3호선,홍제,2629183,1161,146040,401974,977543,1230946,840229,650459,612849,668159,646449,640212,708891,816162,919633,1157701,853549,545784,494108,408248,240584,42884,146,51,0,13003762,홍제,서울특별시
4호선,길음,2629183,245,159344,524401,1309394,1501352,961256,726151,695816,731345,758784,734595,784324,955972,1156389,1455344,1059624,691036,630317,612103,328243,63913,289,2,0,15840239,길음,서울특별시
4호선,남태령,2629183,627,6992,30488,80101,118228,66199,47195,45573,47752,43561,44394,46030,61550,87441,77960,43519,35228,25529,16189,8940,1848,0,1,0,935345,남태령,서울특별시
4호선,노원,2629183,3370,161898,404651,833853,1101813,836221,652999,647735,746820,779290,762756,826245,965542,1159929,1497580,1169607,825678,745778,661372,386374,94617,7398,4,0,15271530,노원,서울특별시
4호선,당고개,2629183,736,107667,259662,588006,602832,420487,335186,311616,320795,321647,317797,334502,379920,420925,494895,425643,282368,246984,217529,146253,40372,3739,17,0,6579578,당고개,서울특별시
4호선,동대문,2629183,2774,88228,219879,511716,999280,984620,962395,998147,984401,1021075,1100197,1124174,1155543,1349486,1010997,636531,455809,427774,262282,146534,20319,949,3,0,14463113,동대문,서울특별시
4호선,동대문역사문화공원,2629183,3959,90194,222930,442858,962243,627277,533151,563230,585289,624320,685258,730006,785973,1030248,1281040,832075,594171,545627,415562,228650,46067,979,107,13,11831227,동대문역사문화공원,서울특별시
4호선,동작,2629183,128,6678,33569,64481,100999,76918,64752,62967,61338,66951,68908,77921,84841,104759,116974,67003,63805,44020,31808,16774,5203,746,2,0,1221545,동작(현충원),서울특별시
4호선,명동,2629183,384,29247,262334,696016,1572244,1224581,957116,1045401,1159691,1161746,1183586,1354425,1468004,1739313,2192777,1265035,1033911,894447,656762,256800,36412,1266,8,0,20191506,명동,서울특별시
4호선,미아,2629183,849,167575,349608,802478,1088602,687762,522899,535830,537619,544411,559601,612371,702218,795676,963707,715043,456885,403397,351529,201517,37159,219,1,0,11036956,미아,서울특별시
4호선,미아사거리,2629183,854,230553,587825,1440987,1657362,1192934,924067,904396,959926,981452,1009606,1152098,1331196,1460235,1864563,1435409,1004008,802238,682193,373956,64897,246,2,0,20061003,미아사거리,서울특별시
4호선,사당,2629183,2606,153536,568192,1211615,1553348,1249382,894740,884059,931092,881095,866885,921804,1098751,1444778,1880614,1239896,877514,883603,809169,459581,87158,6512,45,2,18905977,사당,서울특별시
4호선,삼각지,2629183,80,14757,102733,252247,382885,230355,182158,196922,221633,235883,226557,241950,297320,402012,549241,301022,219706,222545,206252,120557,22464,203,3,0,4629485,삼각지,서울특별시
4호선,상계,2629183,600,185552,571674,1333522,1215808,787577,609966,583879,649532,626865,603142,663795,797116,916461,1132413,979458,620573,557986,535311,309904,60878,5491,25,0,13747528,상계,서울특별시
4호선,서울역,2629183,3128,68816,288013,657068,1246830,843163,514042,516467,592014,583477,560120,619650,715245,1088686,1297518,691720,479329,435529,351366,173730,39338,2727,24,0,11768000,서울역,서울특별시
4호선,성신여대입구,2629183,394,98189,334700,809133,1158060,810249,663436,748410,780598,812054,848020,877084,1016441,1244632,1504257,1075219,785467,782097,710963,396872,78316,305,2,0,15534898,성신여대입구(돈암),서울특별시
4호선,수유,2629183,1340,320547,769479,1742600,2262400,1515003,1124318,1098259,1158982,1195494,1196019,1302928,1562751,1838395,2442710,1913367,1255824,1127317,992347,629318,109071,553,3,0,25559025,수유(강북구청),서울특별시
4호선,숙대입구,2629183,161,46224,190697,517174,967036,634900,511193,482118,513578,523553,522095,564309,722363,888513,1146970,644099,489484,475075,423160,224710,33638,375,2,0,10521427,숙대입구(갈월),서울특별시
4호선,신용산,2629183,108,32420,211626,608923,1366306,1041925,586273,557490,592037,645083,629911,718634,855515,1248496,1751272,884073,624641,580950,425649,205014,27283,304,4,0,13593937,신용산,서울특별시
4호선,쌍문,2629183,3370,320807,789812,1789598,1971231,1263947,944364,876789,927823,902298,870492,972321,1156943,1364063,1782127,1540507,985226,866032,783733,482554,100243,495,1,0,20694776,쌍문,서울특별시
4호선,이촌,2629183,336,27457,153709,335878,565813,475191,409393,402534,479030,504072,503712,544920,608275,642975,668542,345951,244879,224746,164733,79280,15344,381,1,0,7397152,이촌(국립중앙박물관),서울특별시
4호선,창동,2629183,26358,248727,675914,1358185,1515861,1059071,904957,878037,974963,1024516,1032427,1124069,1282603,1445544,1785538,1350167,873458,775854,681090,396636,111577,1285,2,0,19526839,창동,서울특별시
4호선,총신대입구,2629183,1344,91922,332136,846415,1316849,891529,696706,689086,742133,785166,777254,854552,967509,1173695,1549728,957984,673977,590596,517304,276002,44204,5678,5,0,14781774,총신대입구(이수),서울특별시
4호선,충무로,2629183,1206,85813,351900,834767,2372124,1525219,992622,915847,912308,979119,979108,1022703,1174979,1680788,2407185,1188966,834644,810428,673050,381536,70338,1315,84,6,20196055,충무로,서울특별시
4호선,한성대입구,2629183,776,98205,253906,611208,851808,652902,525141,507522,556460,573297,559670,598606,738415,815306,888029,639626,466747,428457,375940,215732,82853,16230,105,0,10456941,한성대입구(삼선교),서울특별시
4호선,혜화,2629183,327,79831,396114,868523,1776961,1441242,1274937,1322655,1501694,1764348,1770940,1828342,1990681,2337263,2584712,1644792,1216070,1495222,1358902,539176,78718,4294,24,0,27275768,혜화,서울특별시
4호선,회현,2629183,249,29517,296617,742247,1788317,1401392,1165833,1253399,1234200,1273320,1357393,1383181,1447162,1619210,1885131,825200,690352,366964,229988,97168,17454,831,2,0,19105127,회현(남대문시장),서울특별시
5호선,강동,2629183,1339,154934,400261,1077244,1506154,815987,591767,561462,593353,630900,607481,667116,761586,996342,1275492,805070,554245,489909,422596,248785,85887,315,57,0,13248282,강동,서울특별시
5호선,강일,2629183,20,42633,140497,346569,365683,210377,163449,144721,159299,149578,144332,174108,209636,251974,312411,247823,149191,134690,117284,77034,20844,63,0,0,3562216,강일,서울특별시
5호선,개롱,2629183,115,55100,164447,395848,494450,276608,214179,203876,219808,230935,220668,237608,327335,364376,435638,336023,201028,172027,170803,84142,22850,54,18,1,4827937,개롱,서울특별시
5호선,개화산,2629183,25,61717,159347,366533,460805,233591,172384,173709,192827,179269,172778,193179,231155,285679,384102,267998,162001,149166,133288,70807,22629,658,2,4,4073653,개화산,서울특별시
5호선,거여,2629183,25,91227,262471,740252,789451,427892,299211,278487,294443,323017,293608,327810,452009,502141,677136,525465,294320,261582,257490,132339,38930,120,19,5,7269450,거여,서울특별시
5호선,고덕,2629183,81,75988,227808,587744,561383,392468,352234,346097,362528,400573,373491,425284,509149,517783,602165,459783,272233,265336,254296,113345,40506,1929,2,0,7142206,고덕,서울특별시
5호선,공덕,2629183,126,35338,161655,651505,1431815,724615,388928,394580,410626,434476,408838,439131,541503,893596,1437268,615331,424523,428939,359908,177542,32956,121,75,3,10393398,공덕,서울특별시
5호선,광나루,2629183,83,93014,312508,720186,1035539,642450,506816,454211,480802,499248,485098,525966,631843,725674,940304,576544,404385,405166,342291,169747,35103,334,36,0,9987348,광나루(장신대),서울특별시
5호선,광화문,2629183,268,29683,395778,1096583,3503366,1693068,898281,975203,962582,1114384,1105565,1166520,1353919,2014417,3344112,1277492,916649,943859,650307,239695,37444,874,1649,0,23721698,광화문(세종문화회관),서울특별시
5호선,군자,2629183,502,101585,222433,539087,928230,504901,335119,324490,363858,387474,378605,411814,503907,694318,1030367,652808,431784,408909,374235,230230,84265,11813,211,0,8920945,군자(능동),서울특별시
5호선,굽은다리,2629183,26,99721,218387,545754,676313,418999,321967,320760,337962,348860,336418,351424,426189,473629,648520,470884,308092,277692,258625,124102,40774,122,5,0,7005225,굽은다리(강동구민회관앞),서울특별시
5호선,길동,2629183,99,69575,168202,382392,572902,370769,290108,295117,321944,321992,321018,344466,411206,452290,564951,380885,247858,213700,185868,96110,35026,76,5,0,6046559,길동,서울특별시
5호선,김포공항,2629183,46,38503,150384,257028,337687,265466,300936,364968,382395,412321,425385,446337,458036,520679,560151,355274,251691,215084,182056,59823,9448,101,3,11,5993813,김포공항,서울특별시
5호선,까치산,2629183,2719,340987,682442,1763040,2294370,1270108,846372,808997,876157,867265,839361,961382,1132433,1340989,1997196,1522908,1000179,931957,777830,475859,119146,4917,88,0,20856702,까치산,서울특별시
5호선,답십리,2629183,353,131998,332787,883823,1399728,712267,482070,444608,484113,504939,473097,529898,622711,808112,1160192,701113,457177,405005,351688,194148,50130,321,74,0,11130352,답십리,서울특별시
5호선,동대문역사문화공원,2629183,9,6318,42571,138354,418058,183220,86050,79260,75755,79195,86876,90312,112093,190023,318133,131129,77198,70966,55793,30842,7187,94,12,0,2279448,동대문역사문화공원,서울특별시
5호선,둔촌동,2629183,30,61616,225135,444788,605224,355723,283404,275400,293871,315914,302797,345221,420680,511365,650588,415575,240576,233198,192765,102240,20564,59,14,0,6296747,둔촌동,서울특별시
5호선,마곡,2629183,42,65347,204069,508879,963424,582400,323569,288327,303969,328852,328165,365364,458887,622760,870883,489510,299829,262084,222881,105446,31896,95,25,0,7626703,마곡,서울특별시
5호선,마장,2629183,6,38650,124119,285318,466633,277093,207796,197239,224600,212051,199740,217463,251841,297309,388640,246334,164318,152093,132790,71194,17779,211,16,0,4173233,마장,서울특별시
5호선,마천,2629183,673,95937,221364,592499,568237,315247,230912,206002,224571,225691,201742,253474,303093,342053,469024,370921,207225,200701,179435,104555,37915,103,11,14,5351399,마천,서울특별시
5호선,마포,2629183,240,46674,206665,617535,1387596,685849,409854,423080,424548,446266,418662,454276,541496,845931,1348774,615321,437777,448568,356417,183376,33216,131,54,2,10332308,마포,서울특별시
5호선,명일,2629183,109,82283,228776,548963,589403,370579,329501,302902,307181,324176,307541,337493,425437,422085,638597,477797,278662,249499,233320,126168,39270,203,5,0,6619950,명일,서울특별시
5호선,목동,2629183,125,123522,339644,967377,1311895,730241,520426,483041,527514,555435,539579,590427,718451,937691,1397105,914221,575327,548654,527054,260842,66462,146,47,0,12635226,목동,서울특별시
5호선,발산,2629183,49,74603,301958,841476,1828787,993382,629028,662050,695561,747569,761174,837396,955072,1321242,1802413,984708,674028,620826,526115,253012,53000,177,71,1,15563698,발산,서울특별시
5호선,방이,2629183,26,42450,147513,346231,548913,312704,236729,211560,263586,259148,254616,287586,333442,446778,548618,353430,234578,237042,231802,89688,17074,71,18,0,5403603,방이,서울특별시
5호선,방화,2629183,178,66401,190247,426560,498164,281503,224152,221683,236645,240273,236905,257059,298613,319810,410562,317065,206600,174034,162594,94128,32300,3073,15,5,4898569,방화,서울특별시
5호선,상일동,2629183,573,143559,480128,1158981,943670,561432,430730,380975,437443,432610,402066,490449,541605,702894,957582,787453,444076,395298,342752,209857,89259,15075,8,0,10348475,상일동,서울특별시
5호선,서대문,2629183,131,52808,269391,1116008,2423212,853278,510524,523892,515899,558279,545868,587561,720573,1184783,1828141,601083,452971,433167,321578,150868,27854,457,51,0,13678377,서대문,서울특별시
5호선,송정,2629183,319,63850,155390,353199,445852,287045,228972,219107,232761,228998,226700,243551,287059,330596,421123,299574,204326,185734,164549,95221,26336,96,6,15,4700379,송정,서울특별시
5호선,신금호,2629183,395,44077,128567,380853,537832,295280,204451,193851,215352,223156,216265,250311,306785,342962,464884,318563,205825,181422,157255,92487,24782,88,32,1,4785476,신금호,서울특별시
5호선,신길,2629183,779,28004,77224,252140,476312,204454,108686,101594,108941,110918,104761,116484,148793,230788,404413,206395,153771,156659,142618,90550,22816,198,68,0,3247366,신길,서울특별시
5호선,신정,2629183,983,170025,353840,945018,1190162,597183,368133,338291,359545,355899,334466,385890,470860,567889,828931,577116,372828,354203,328427,192625,48344,156,31,0,9140845,신정(은행정),서울특별시
5호선,아차산,2629183,160,133819,295745,730107,1136727,678560,540060,520700,558552,572260,575590,644885,726633,821881,1045751,706980,470039,417506,348703,186557,44563,125,19,0,11155922,아차산(어린이대공원후문),서울특별시
5호선,애오개,2629183,430,35226,125277,347590,658453,329692,200747,196180,208723,230418,216347,233485,262102,353871,551744,270509,178492,158490,139648,76957,30350,4047,48,52,4808878,애오개,서울특별시
5호선,양평,2629183,21,37304,130976,436328,847603,341793,180136,170191,183531,189657,178510,196157,234364,365650,682833,316971,205141,183382,161890,91411,23303,64,15,0,5157231,양평,서울특별시
5호선,여의나루,2629183,94,35038,183887,580260,1026725,456574,360647,384354,446764,526849,609273,713568,836881,1154131,1380194,774200,703194,560796,430941,167722,20112,129,13,0,11352346,여의나루,서울특별시
5호선,여의도,2629183,73,69251,392073,1916703,3029481,1229504,608382,682158,671943,778035,769739,848175,1049347,2237130,2778384,1123798,884157,751365,485046,196324,42112,248,197,0,20543625,여의도,서울특별시
5호선,영등포구청,2629183,17,22892,62429,177344,447573,197099,112206,109595,115461,122791,123030,131179,151594,218132,414447,162258,106246,101321,83987,46092,9580,42,15,0,2915330,영등포구청,서울특별시
5호선,영등포시장,2629183,39,45730,144399,463728,914348,487342,347230,347039,414789,468163,421743,436497,503854,622495,919015,465229,308109,290559,243792,136210,26273,103,59,0,8006745,영등포시장,서울특별시
5호선,오금,2629183,94,18787,68532,218837,374022,159150,108826,103935,117740,113602,112637,132367,165962,212816,285721,140010,93562,81002,76728,44828,11169,21,12,0,2640360,오금,서울특별시
5호선,오목교,2629183,38,88617,310716,1011625,1608739,1081234,711786,712416,763786,810118,809103,867384,1042949,1323883,1850545,1095560,835252,700131,608209,268311,56537,154,79,0,16557172,오목교(목동운동장앞),서울특별시
5호선,올림픽공원,2629183,372,28324,120203,225511,290914,200746,182690,170793,201102,195069,199881,229016,259607,280207,273619,182955,138306,148648,122922,58565,10356,36,3,0,3519845,올림픽공원(한국체대),서울특별시
5호선,왕십리,2629183,277,30459,65399,157434,349606,188784,151949,158143,174802,191738,194533,204872,241708,289953,409955,233224,170892,169643,144127,76392,33393,3333,126,74,3640816,왕십리,서울특별시
5호선,우장산,2629183,8,96316,342249,917181,1046514,604434,481300,469662,517987,531849,513410,585263,688382,748764,946836,706529,436678,392624,384720,206274,46964,132,25,2,10664103,우장산,서울특별시
5호선,을지로4가,2629183,18,13817,95344,254670,595358,280727,199755,218791,223662,232994,236597,241395,267233,417097,582900,241514,151168,131164,91753,46433,8547,57,26,0,4531020,을지로4가,서울특별시
5호선,장한평,2629183,383,109321,389812,980045,1800880,866766,557113,510990,536476,540095,516547,578041,732528,1002411,1605444,914323,544379,480889,418419,239121,56578,1656,60,0,13382277,장한평,서울특별시
5호선,종로3가,2629183,772,25631,98477,227453,590412,510848,475613,573184,649725,675928,688987,725642,808162,955666,1198851,692747,551166,578520,468702,251549,40271,504,127,3,10788940,종로3가(탑골공원),서울특별시
5호선,천호,2629183,796,115024,328320,614351,990905,758555,644808,686794,746701,799325,814688,907830,1021967,1207537,1415580,997591,734066,587500,476804,258773,61869,363,57,0,14170204,천호(풍납토성),서울특별시
5호선,청구,2629183,54,23777,62583,139134,324598,185161,124919,117344,121783,129068,128197,135258,162717,202171,306813,188851,124542,108367,100623,56917,12531,55,17,0,2755480,청구,서울특별시
5호선,충정로,2629183,218,14869,52588,233866,550026,220805,110295,110589,108948,126235,126603,122981,145287,264618,478095,167825,116852,112303,93802,50116,10639,844,26,1,3218431,충정로(경기대입구),서울특별시
5호선,행당,2629183,286,60245,180660,469814,681592,366539,255176,238833,254862,252339,249178,279200,317651,385969,534986,353577,236108,216033,188123,103751,27672,119,17,1,5652731,행당,서울특별시
5호선,화곡,2629183,3704,316051,663256,1692480,2320328,1268479,838523,791620,849280,863222,826711,910709,1127450,1379676,2064834,1472074,917800,851092,733068,432682,111298,323,70,7,20434737,화곡,서울특별시
6호선,고려대,2629183,337,58650,156916,425034,730045,387598,300502,268148,277090,337714,272161,323197,422633,486152,611479,379718,260113,272658,252194,153752,36761,727,1,0,6413580,고려대(종암),서울특별시
6호선,공덕,2629183,1592,89350,241313,765442,1689551,918838,531258,513287,539646,557725,554638,609370,714342,1102871,1643564,798622,563150,549125,456471,259540,69920,1513,18,0,13171146,공덕,서울특별시
6호선,광흥창,2629183,59,54980,160491,452758,799297,464599,306220,287922,315763,297335,288375,323203,356509,479191,703188,401324,257236,233704,204838,110090,25677,82,0,0,6522841,광흥창(서강),서울특별시
6호선,구산,2629183,99,72127,178950,477649,584370,319524,233434,234958,250724,240176,223048,261767,320234,318587,392841,332214,190499,173165,152361,83724,22363,38,0,0,5062852,구산,서울특별시
6호선,녹사평,2629183,542,24551,76906,181108,321471,193578,157487,161814,180932,204229,199422,229318,282709,343203,430134,279862,212479,213887,191181,111618,20040,75,0,0,4016546,녹사평(용산구청),서울특별시
6호선,대흥,2629183,204,43391,120499,386001,716831,423623,344996,296580,346056,384899,322931,358088,430132,534477,637421,377724,263352,257468,257474,136344,28743,138,0,0,6667372,대흥(서강대앞),서울특별시
6호선,독바위,2629183,23,32481,75837,203459,205890,126600,101327,85453,95728,88276,86950,97270,116792,128336,184936,156274,93850,78352,75197,49145,15906,27,0,0,2098109,독바위,서울특별시
6호선,돌곶이,2629183,185,96589,229202,578149,772060,449859,327382,279257,315016,324470,317777,339314,383540,469404,607178,483380,288140,250811,236923,136087,38382,112,2,0,6923219,돌곶이,서울특별시
6호선,동묘앞,2629183,2011,71141,115914,228976,489877,394870,334100,370394,414355,423857,441024,457214,481610,487387,516567,322903,227894,207565,185669,139704,30378,1148,8,0,6344566,동묘앞,서울특별시
6호선,디지털미디어시티,2629183,1588,112006,344519,1010456,1629586,761603,389212,338087,363081,363387,353293,399350,535510,807554,1246016,722258,418149,371315,344339,186841,61883,157,3,0,10760193,디지털미디어시티,서울특별시
6호선,마포구청,2629183,224,116282,266902,703048,1182348,671674,453163,418459,463042,465996,437777,489940,549471,701039,1013506,633228,432025,382316,363083,207137,44913,113,1,0,9995687,마포구청,서울특별시
6호선,망원,2629183,81,83448,196756,465591,902258,685307,503737,547443,623042,665322,647691,715443,772816,901786,1156541,789812,532140,490042,409757,235774,40682,94,0,0,11365563,망원,서울특별시
6호선,버티고개,2629183,58,14534,38912,96989,166545,106026,77782,69618,75960,77982,76422,88594,95792,121029,158949,104914,68196,63739,57892,33860,7509,465,2,0,1601769,버티고개,서울특별시
6호선,보문,2629183,282,57190,143614,399449,684894,355914,235890,219936,239555,248932,225830,254074,304557,370518,528639,340385,234287,224709,218572,146356,38455,92,0,0,5472130,보문,서울특별시
6호선,봉화산,2629183,305,78011,231727,698776,683069,354654,269556,243111,267523,271513,255407,281740,326842,421176,545435,458807,272299,232428,221422,130660,40081,2291,0,0,6286833,봉화산(서울의료원),서울특별시
6호선,불광,2629183,342,26808,79767,190762,260755,188164,149134,162989,178601,194697,199431,223852,245121,260640,318182,220469,143215,124328,98381,59952,17604,47,0,0,3343241,불광,서울특별시
6호선,삼각지,2629183,182,30571,117197,304005,536573,291831,211186,225029,247172,271978,263173,291224,340953,450438,577305,295588,222653,211952,199564,113308,24962,100,0,0,5226944,삼각지,서울특별시
6호선,상수,2629183,838,74229,120936,216038,503093,493953,343189,338455,406298,453767,425959,438380,528084,659362,832423,572105,428674,428260,417038,298164,61172,155,0,0,8040572,상수,서울특별시
6호선,상월곡,2629183,138,72354,141636,361884,545549,299930,235580,210106,205484,212751,204210,214188,260626,300948,382730,304121,175330,187876,151781,99297,25485,70,0,0,4592074,상월곡(한국과학기술연구원),서울특별시
6호선,새절,2629183,344,148539,318508,789562,995036,572108,385609,369300,405077,415246,379015,444117,528289,611867,815328,641144,389178,347461,309152,194746,61523,239,16,0,9121404,새절(신사),서울특별시
6호선,석계,2629183,14240,132464,322886,735592,898897,524069,404032,394131,416461,427438,407918,453327,553831,645395,874283,704242,420492,381454,353175,224990,61019,187,0,0,9350523,석계,서울특별시
6호선,신내,2629183,0,0,1,5,10,19,10,10,10,9,6,5,10,8,22,13,0,4,1,4,4,0,0,0,151,신내,서울특별시
6호선,신당,2629183,1154,89832,154896,276848,620399,406676,282534,272699,298962,301255,268032,290208,375189,442144,580379,437368,297263,297246,317104,188375,39779,345,1,0,6238688,신당,서울특별시
6호선,안암,2629183,215,46361,148058,339358,758832,599379,624614,483359,474870,570794,475022,580082,672942,812166,793909,488510,374893,391398,408739,269638,68603,1520,4,0,9383266,안암(고대병원앞),서울특별시
6호선,약수,2629183,71,20196,53689,135610,310253,185062,125080,121807,130874,138938,130016,146562,163538,208353,286180,159032,107382,104929,91700,49169,12985,27,0,0,2681453,약수,서울특별시
6호선,역촌,2629183,32,30930,101019,245705,322273,166441,123783,125271,143884,141315,132859,139582,170294,201878,292924,223996,126285,123432,105553,70431,18011,16,0,0,3005914,역촌,서울특별시
6호선,연신내,2629183,0,0,4,41,24,12,14,15,17,8,33,15,22,27,25,24,8,9,8,16,2,0,0,0,324,연신내,서울특별시
6호선,월곡,2629183,259,96670,224516,617236,958060,559180,423562,394033,397556,419891,414921,440567,551745,621257,871610,588593,370322,342525,284121,178414,44841,127,0,0,8800006,월곡(동덕여대),서울특별시
6호선,월드컵경기장,2629183,16,27556,87018,175297,255274,198745,222125,250308,280913,316475,328514,360863,390993,363013,448153,293017,162882,178689,180539,51277,8958,16,0,0,4580641,월드컵경기장(성산),서울특별시
6호선,응암,2629183,241,163411,425419,1043390,1384266,765732,547117,521358,572029,563937,549540,613546,718792,880874,1255716,957289,628358,519639,472375,294050,76583,147,0,0,12953809,응암,서울특별시
6호선,이태원,2629183,1343,155289,209862,274348,532439,445258,352949,359999,413817,447581,470411,528276,649087,780029,948570,755300,600017,590838,564394,409231,90988,376,1,0,9580403,이태원,서울특별시
6호선,증산,2629183,357,109795,249833,583547,762515,461074,323154,306444,325728,331177,322771,358305,426696,505175,713986,531507,329520,312001,268775,159688,45135,95,0,0,7427278,증산(명지대앞),서울특별시
6호선,창신,2629183,140,37520,94118,259247,301422,165660,110949,99573,105747,105507,97148,113012,138798,153406,184338,136460,98882,86329,78058,48028,11923,15,0,0,2426280,창신,서울특별시
6호선,청구,2629183,139,28405,70007,177438,414526,223367,117252,111953,109769,121209,114809,125522,151289,174730,263082,178210,109488,97587,86803,49102,12380,49,18,6,2737140,청구,서울특별시
6호선,태릉입구,2629183,153,68031,130346,296678,408477,253241,198955,222571,212761,224267,227456,235639,282650,325458,446599,341601,202766,195418,171778,123933,47273,175,0,0,4616226,태릉입구,서울특별시
6호선,한강진,2629183,791,22488,124110,304566,591295,431568,302931,324919,348248,434837,401563,481732,614363,736902,850837,496291,342144,349217,368777,90349,27265,1946,67,0,7647206,한강진,서울특별시
6호선,합정,2629183,245,68015,167171,389893,826083,582684,395924,433547,477298,533239,522680,564281,655273,839419,1197503,773656,557232,580572,517542,315156,59397,161,0,0,10456971,합정,서울특별시
6호선,화랑대,2629183,304,92348,314577,874367,924929,496225,342359,323376,324527,350565,308853,355641,425980,523187,650054,516566,306606,278144,243883,156440,47193,444,0,0,7856568,화랑대(서울여대입구),서울특별시
6호선,효창공원앞,2629183,204,40447,120976,318745,657654,385946,251682,228719,241218,251599,229632,250072,307889,374024,561202,306534,200159,183982,156984,96849,29453,66,0,0,5194036,효창공원앞,서울특별시
7호선,가산디지털단지,2629183,8938,176522,484754,1870916,5175528,2947816,986241,752830,813976,898093,913094,1017671,1315601,2935673,4343554,1890708,1057130,856970,518909,254609,54231,96,7,0,29273867,가산디지털단지,서울특별시
7호선,강남구청,2629183,310,45874,241428,524454,1516938,1456345,652519,460471,451292,507852,509105,550726,620880,872754,1438922,856739,538367,506001,387669,178479,41605,42,0,0,12358772,강남구청,서울특별시
7호선,건대입구,2629183,792,65456,163095,400325,733997,589767,508111,488300,529900,586087,600732,652701,721015,899407,996945,688052,555571,473920,422472,233663,67173,2612,4,0,10380097,건대입구,서울특별시
7호선,고속터미널,2629183,344,49479,316989,609431,897011,778605,676610,693892,661660,716270,699877,737901,805864,1011093,1005196,658195,595500,536996,399955,151784,18320,132,1,0,12021105,고속터미널,서울특별시
7호선,공릉,2629183,313,93417,243558,619933,852402,538917,401044,378406,434066,445940,425585,477706,573591,642474,828165,641314,403609,370297,344962,216484,59209,115,0,0,8991507,공릉(서울과학기술대),서울특별시
7호선,군자,2629183,531,125279,275052,589743,1131824,735608,430482,388478,415090,434534,426203,475718,557331,709316,1001481,702021,478101,448470,384583,217902,56405,599,24,0,9984775,군자(능동),서울특별시
7호선,남구로,2629183,1100,249146,307180,802101,1700942,900175,449837,375004,378295,394071,365337,427564,572819,937762,1335468,704451,422215,382370,294413,149596,29511,49,0,0,11179406,남구로,서울특별시
7호선,남성,2629183,224,91265,227487,584105,926700,590402,389953,360063,370016,381231,360632,398021,453908,535768,735797,522124,353477,325869,281388,164210,43210,118,0,0,8095968,남성,서울특별시
7호선,내방,2629183,68,48352,232058,555599,1437356,872208,465689,402482,429630,468252,454094,486871,565698,814502,1311124,618614,407844,381423,296306,141642,46890,2083,5,0,10438790,내방,서울특별시
7호선,노원,2629183,637,123713,287858,724124,1110703,921715,769752,803867,872432,925682,940837,1008309,1089015,1188102,1392431,1058619,708439,562027,512155,267319,70911,174,14,0,15338835,노원,서울특별시
7호선,논현,2629183,437,50608,253375,652696,1536152,1344642,605587,444531,449352,492312,523540,564467,660378,1052975,1689326,926033,579102,588130,528620,289394,61893,97,1,0,13293648,논현,서울특별시
7호선,대림,2629183,605,163915,163435,281726,522536,396157,363438,385879,364576,375274,381872,407246,446320,544029,561494,379334,278140,275259,225191,111373,19024,67,4,0,6646894,대림(구로구청),서울특별시
7호선,도봉산,2629183,739,79901,296681,753770,724321,484713,378441,323806,325868,317325,306708,350143,417584,456002,592138,574880,346401,289286,263432,166864,60168,1980,24,0,7511175,도봉산,서울특별시
7호선,뚝섬유원지,2629183,185,74344,177342,365730,568205,400982,267405,260485,296970,337967,362879,423482,500634,592103,732651,565831,457104,437040,359690,175186,33629,128,0,0,7389972,뚝섬유원지,서울특별시
7호선,마들,2629183,241,147333,373752,929479,963801,539931,410370,397754,430762,413571,405203,450020,501633,554319,750342,705515,408676,341721,318870,198583,55679,99,4,0,9297658,마들,서울특별시
7호선,먹골,2629183,121,110168,215500,534304,791054,460241,333004,326928,355057,350442,334083,376936,443642,523544,687213,564808,352364,307939,269053,155020,41380,1743,0,0,7534544,먹골,서울특별시
7호선,면목,2629183,779,178726,382750,852724,1291239,762451,515511,456279,512888,508458,476972,556303,701303,762294,960538,834751,495849,424593,386959,211801,61489,101,0,0,11334758,면목,서울특별시
7호선,반포,2629183,37,28608,174969,258978,401684,319696,210479,210025,228357,234092,234420,256278,351066,350157,385439,252329,186400,184107,145459,62963,12528,13,0,0,4488084,반포,서울특별시
7호선,보라매,2629183,140,68729,136132,381804,702095,356901,245240,233678,251713,250497,247067,266744,320738,406275,606443,365686,246801,225624,196010,108488,33275,424,0,0,5650504,보라매,서울특별시
7호선,사가정,2629183,307,167478,385145,865249,1236929,760264,537505,495612,535972,540916,527974,600011,704580,848936,1126239,904637,550371,484899,414067,234526,64102,121,0,0,11985840,사가정,서울특별시
7호선,상도,2629183,88,89147,227593,544914,870397,568972,440949,383763,409157,410897,412188,433864,513543,607731,820699,526823,380678,351606,323693,209258,50528,114,0,0,8576602,상도,서울특별시
7호선,상봉,2629183,5547,159119,363401,856041,1315760,736612,493945,481532,534654,547302,530840,574657,703761,861510,1214020,986081,617962,532764,484076,284888,103813,743,0,0,12389028,상봉(시외버스터미널),서울특별시
7호선,수락산,2629183,690,133579,342461,734108,861155,602269,486797,446112,475378,460583,458667,500751,565193,633493,788138,712296,432857,354094,304932,188192,59669,163,9,0,9541586,수락산,서울특별시
7호선,숭실대입구,2629183,131,86052,213599,587375,973662,664268,616096,501315,470055,532122,526762,525877,676896,782012,907415,640213,445784,428039,408354,259052,63543,121,0,0,10308743,숭실대입구(살피재),서울특별시
7호선,신대방삼거리,2629183,360,144855,310373,805261,1244625,765492,488189,447365,482996,474632,472535,509939,608560,717979,1065607,759957,493905,452355,385236,242391,72711,210,0,0,10945533,신대방삼거리,서울특별시
7호선,신풍,2629183,1739,185990,284781,675755,911680,552059,371482,343908,363811,365207,349063,391948,481535,592937,774808,533556,344254,312022,280505,148983,44108,4945,14,0,8315090,신풍,서울특별시
7호선,어린이대공원,2629183,101,55899,204306,466803,1247480,851095,688781,628120,608996,698693,680457,665489,793637,960689,1039288,645681,452908,440428,424674,261087,57050,177,2,0,11871841,어린이대공원(세종대),서울특별시
7호선,온수,2629183,1871,105256,267417,731744,911083,476126,269366,247066,276581,275002,257133,296552,397812,490959,677215,480930,297553,257626,222221,143336,67808,11685,2,0,7162344,온수(성공회대입구),서울특별시
7호선,용마산,2629183,77,72599,166056,355708,506762,300373,205937,178633,190108,191370,181442,210673,244542,281677,375485,299944,186457,172132,150314,90831,25914,28,0,0,4387062,용마산,서울특별시
7호선,장승배기,2629183,137,94916,207388,440762,724276,461958,329848,310482,320034,329652,313832,344068,399000,447298,613334,404473,277599,256129,223995,132078,38667,88,0,0,6670014,장승배기,서울특별시
7호선,중계,2629183,150,146451,377825,1006441,1159883,634280,455794,434184,492123,464698,423477,467888,568348,655491,804436,712085,427487,390331,349097,203153,54792,125,0,0,10228539,중계,서울특별시
7호선,중곡,2629183,39,88056,225448,600957,961325,538716,339983,305796,333581,332437,320900,370748,457407,552974,717047,521450,323570,289672,249051,131164,36440,78,0,0,7696839,중곡,서울특별시
7호선,중화,2629183,385,125354,260728,586701,896178,486917,338445,324219,355120,344637,335513,376455,455954,543940,726082,574174,350158,312314,277347,159622,43722,942,0,0,7874907,중화,서울특별시
7호선,천왕,2629183,175,115046,299338,796131,967780,526587,326649,298322,333823,329883,316335,359138,443830,542060,787630,591021,351187,294308,249501,152942,38877,1735,1,0,8122299,천왕,서울특별시
7호선,청담,2629183,545,83621,436984,920398,2141774,1440967,636995,509819,534840,561890,570676,645064,781746,1130107,1750070,893153,535453,490880,381217,132050,43156,93,0,0,14621498,청담,서울특별시
7호선,태릉입구,2629183,1866,111100,174018,394997,607449,420977,323900,335918,333417,348179,358008,384096,436791,513483,602939,453012,302254,275297,244074,138133,52138,14649,0,0,6826695,태릉입구,서울특별시
7호선,하계,2629183,248,123447,411407,1098451,1274662,787957,588340,579340,650651,646677,619926,692456,793526,879586,1054288,885547,559238,495247,439402,265280,71077,112,0,0,12916865,하계,서울특별시
7호선,학동,2629183,61,46921,392852,806720,2469617,1964260,848692,538831,522028,609025,622383,677056,804882,1288887,2339429,1157862,602458,541332,398845,172823,33732,35,0,0,16838731,학동,서울특별시
8호선,가락시장,2629183,1053,69897,158902,317433,661404,350270,279510,278325,275716,284968,296365,326498,354377,454755,624449,346079,259364,251738,200292,105921,37470,5459,29,0,5940274,가락시장,서울특별시
8호선,강동구청,2629183,196,77593,219151,585617,967601,493636,334121,311502,325026,346759,339593,371517,434241,547009,810929,468673,309313,290431,237843,122380,34246,58,0,0,7627435,강동구청,서울특별시
8호선,몽촌토성,2629183,25,40642,144052,281202,572803,335954,217111,222085,222971,230820,227630,249665,311934,381995,502131,295406,197398,191334,158058,81005,20197,49,0,0,4884467,몽촌토성(평화의문),서울특별시
8호선,문정,2629183,69,69967,259689,960351,2581791,1233147,552066,456575,467664,535574,552169,585376,678348,1329388,2041528,857077,546270,483148,382426,172859,33286,88,1,0,14778857,문정,서울특별시
8호선,복정,2629183,149,83173,242758,495326,686106,431448,285475,228522,281704,256693,249622,293169,385903,519096,675110,437049,284590,244711,219619,96800,19549,62,2,0,6416636,복정,서울특별시
8호선,석촌,2629183,25,45130,122264,315563,571908,408309,296826,298302,323437,337872,328841,350162,398765,498591,625557,396777,289021,266879,222336,118367,33007,499,1,0,6248439,석촌,서울특별시
8호선,송파,2629183,56,47814,185685,492562,678825,399781,303075,284481,308960,320158,310272,358292,416319,468335,603597,423506,258404,233281,206108,108907,26725,2166,0,0,6437309,송파,서울특별시
8호선,암사,2629183,597,201240,442375,1168229,1609632,854360,537109,500916,553281,548242,533449,592016,690991,865427,1207448,939187,565753,457295,449986,235913,58933,7680,1,0,13020060,암사,서울특별시
8호선,잠실,2629183,158,48534,190850,516926,1179711,713901,544868,598538,634955,685662,722075,812592,887307,1108305,1438103,808170,642972,586005,438995,169426,35478,761,0,0,12764292,잠실(송파구청),서울특별시
8호선,장지,2629183,248,109685,382980,946448,1351565,798763,524010,498719,557686,543766,561184,649495,787119,1010560,1285097,803531,573281,458354,369218,186808,37157,88,0,0,12435762,장지,서울특별시
8호선,천호,2629183,914,156730,363171,701810,1097765,720541,485646,484842,530970,560676,565646,644736,740508,965903,1262920,857273,568905,485437,402105,216321,63647,2826,6,0,11879298,천호(풍납토성),서울특별시
9호선,가양,2629183,1177,222054,461812,1335219,1673669,953792,666695,648722,696368,702939,680921,744896,897553,1109340,1541577,1069737,677912,628074,523434,300822,80635,1978,4,0,15619330,가양,서울특별시
9호선,고속터미널,2629183,213,47410,279931,472133,667742,658951,677850,723137,765044,817714,873386,946744,1046544,1128587,1203827,895427,705124,579538,494476,220274,29324,100,7,1,13233484,고속터미널,서울특별시
9호선,공항시장,2629183,104,46392,76008,156665,196275,125113,101640,100398,111932,111659,106284,119463,141143,160136,196514,167460,114631,99345,87383,59952,19236,69,1,0,2297803,공항시장,서울특별시
9호선,구반포,2629183,11,5234,33194,53164,82320,61759,37687,37750,43763,48931,47971,52814,64738,78151,92892,47085,29313,24411,20683,9624,3024,27,0,0,874546,구반포,서울특별시
9호선,국회의사당,2629183,12,34393,151077,631061,1994313,1041455,445400,428736,444740,500760,501787,475804,572271,1100144,1549243,584664,373630,353138,236409,95591,18526,153,0,0,11533307,국회의사당,서울특별시
9호선,김포공항,2629183,67,38721,216795,356986,434555,354025,396376,455306,470020,492178,503824,521098,563876,630085,676772,448392,291121,240233,194521,63664,17343,319,26,2,7366305,김포공항,서울특별시
9호선,노들,2629183,144,53194,94622,249630,339275,209139,159140,137991,150989,158307,151276,170783,193014,223571,302113,207028,143670,135940,113990,65209,14341,68,0,0,3273434,노들,서울특별시
9호선,노량진,2629183,4172,241575,504095,1343161,2028331,1174018,762704,751882,882794,974631,840237,904722,1066526,1417263,1910516,1179804,943866,1009350,1015512,470417,81015,195,27,2,19506815,노량진,서울특별시
9호선,당산,2629183,980,131288,320494,899099,1391755,790608,566911,577356,621580,632255,617940,660502,762853,1088235,1508806,999592,701291,678832,637866,381457,82077,3188,15,0,14054980,당산,서울특별시
9호선,동작,2629183,99,16023,42187,88434,123850,93547,82124,83787,83830,83696,82128,81878,88976,92831,109900,63786,44856,43695,40827,25634,12149,3003,1,0,1387241,동작(현충원),서울특별시
9호선,둔촌오륜,2629183,2,8233,35309,84850,82697,45771,29934,30394,30659,33606,32187,43699,74177,58302,65787,46392,27969,26746,25234,12738,3831,410,1,0,798928,둔촌오륜,서울특별시
9호선,등촌,2629183,148,83660,243823,676312,963698,475227,356018,353948,377340,377923,368649,411057,463520,552666,797112,593178,364474,288566,261268,166460,39077,142,0,0,8214266,등촌,서울특별시
9호선,마곡나루,2629183,96,71233,246295,637741,1063911,491616,325576,321204,343915,367990,370770,407413,486177,794753,1052695,663399,444408,414576,375741,217759,56942,1695,1,0,9155906,마곡나루,서울특별시
9호선,봉은사,2629183,43,42830,239426,599759,1527196,1129999,672031,667845,718468,788115,808440,838671,956635,1312332,1667913,866909,595777,541370,377366,124155,20857,114,0,0,14496251,봉은사,서울특별시
9호선,사평,2629183,11,13744,61265,200694,278085,157197,123089,120070,134092,143263,141437,151837,196476,218586,251838,179595,111827,100754,97780,47234,11222,29,0,0,2740125,사평,서울특별시
9호선,삼성중앙,2629183,12,18488,91125,276492,666137,507207,245423,190004,200162,219911,216368,232579,284916,447869,723397,350771,208794,188454,141287,72157,16132,38,0,0,5297723,삼성중앙,서울특별시
9호선,삼전,2629183,78,64835,123404,320694,579043,375814,226601,199687,219517,226521,217178,233657,270198,363870,524963,370006,244421,228330,200168,115629,30857,4981,0,0,5140452,삼전,서울특별시
9호선,샛강,2629183,89,27025,82654,267719,573481,251715,176928,180572,175665,192532,199775,207026,244040,403424,585791,254032,188715,180620,143868,75080,19699,83,0,0,4430533,샛강,서울특별시
9호선,석촌,2629183,17,44172,150669,378293,570930,443953,288433,277235,300453,312275,301069,308961,381687,472509,611844,460238,303232,301713,284697,142944,33351,100,1,0,6368776,석촌,서울특별시
9호선,석촌고분,2629183,22,40490,105351,284706,561793,360823,214639,192667,211481,215928,200511,226928,261972,328130,508041,324838,225506,202187,172403,99079,26243,62,0,0,4763800,석촌고분,서울특별시
9호선,선유도,2629183,13,42711,137655,476230,896035,404451,210379,214359,222882,228263,225692,248082,304478,495469,766597,386581,223246,197525,165396,90116,24688,70,2,0,5960920,선유도,서울특별시
9호선,선정릉,2629183,25,28093,140119,351252,961448,729807,362538,280391,281456,301031,304152,301906,366252,581931,906573,517079,290321,262990,223562,100600,24012,64,0,0,7315602,선정릉(한국과학창의재단),서울특별시
9호선,송파나루,2629183,24,29652,81703,209070,392965,259604,163233,181533,199637,213726,199651,207219,260517,322053,458689,316436,189016,188941,156072,81828,23739,48,1,0,4135357,송파나루,서울특별시
9호선,신논현,2629183,674,74963,346851,924550,1700599,1636451,1037786,962635,1024765,1131314,1138942,1199862,1442635,1908568,2618354,1695601,1139285,1153393,1050307,568898,96689,6593,39,0,22859754,신논현,서울특별시
9호선,신목동,2629183,20,31669,112819,312103,344633,169528,123362,118746,117541,124394,118296,123732,167486,203685,261775,188544,110969,115626,102056,55187,19293,1193,1,0,2922658,신목동,서울특별시
9호선,신반포,2629183,16,18819,180668,175611,227193,149612,126666,109304,124098,145126,143044,179297,264428,269973,263644,168522,112270,105502,87533,41095,7427,23,0,0,2899871,신반포,서울특별시
9호선,신방화,2629183,62,69049,180574,432615,508246,280037,219373,214640,241436,233178,221143,262127,299720,317669,464215,343329,222646,190121,167408,102619,29442,76,4,0,4999729,신방화,서울특별시
9호선,양천향교,2629183,134,72453,227602,546444,936176,420486,272254,259935,294319,288429,291807,310507,368299,521219,780352,485594,310963,268810,245740,154149,42578,127,0,0,7098377,양천향교,서울특별시
9호선,언주,2629183,13,33460,163305,364246,962392,722726,422356,306860,313315,353785,344180,378223,453889,693897,931148,490843,291424,252612,190417,92646,21162,630,0,0,7783529,언주,서울특별시
9호선,여의도,2629183,337,67149,375418,1858179,2377131,1104461,638863,715778,717918,820420,818127,906715,1124954,2304132,2412838,1197395,921036,739902,476520,188623,40795,2673,2,0,19809366,여의도,서울특별시
9호선,염창,2629183,202,164690,429906,1133617,1396058,762709,512612,468638,512237,496997,480760,539877,633646,854046,1260926,994972,650695,556074,517830,327464,72376,9560,0,0,12775892,염창,서울특별시
9호선,올림픽공원,2629183,51,39064,152846,284899,479598,313835,265948,277120,315871,331059,328984,382828,443921,507594,558355,382304,358448,397497,347204,131893,24452,298,11,0,6324080,올림픽공원(한국체대),서울특별시
9호선,종합운동장,2629183,42,18934,69807,187507,296638,218096,139971,139525,155995,174222,168369,180287,219073,291101,380308,240133,167619,185358,169872,90199,16443,160,0,0,3509659,종합운동장,서울특별시
9호선,증미,2629183,18,41500,156036,409264,786221,323087,200437,185310,194799,195633,190758,216993,251404,375593,647929,319350,182367,160119,128751,83577,17847,59,0,0,5067052,증미,서울특별시
9호선,한성백제,2629183,0,16412,54248,120129,207887,131604,91699,88177,96458,102558,102929,106999,122104,146482,206543,124492,84146,74934,64987,34547,10949,20,1,0,1988305,한성백제,서울특별시
9호선,흑석,2629183,222,59944,157887,370941,594437,392670,359455,326022,367900,372978,363613,399356,476430,574994,640216,386606,302040,273814,261821,155396,33645,324,0,0,6870711,흑석,서울특별시
1호선,개봉,,20370,320493,678214,1501251,1548904,1022321,757248,738316,809460,771919,767322,850644,1037763,1267039,1637207,1195446,774512,704342,580905,313352,19110,6,0,0,17316146,개봉,서울특별시
1호선,광운대,,29986,101224,214237,502767,616502,358958,307103,344769,315600,337357,342938,342372,412524,450885,534945,383825,269948,249251,208317,166514,65089,352,0,0,6555462,광운대,서울특별시
1호선,구일,,4130,78598,193694,482169,526021,343449,236627,230297,297168,335558,262677,320055,425056,530608,612536,384309,262904,292458,257438,113990,5331,9,0,0,6195081,구일,서울특별시
1호선,녹천,,16530,68431,127732,365828,348208,194682,162101,146828,173008,154185,144303,158226,202958,215337,273565,218657,133271,122691,101414,65479,15395,3,0,0,3408831,녹천,서울특별시
1호선,도봉,,4838,120152,188547,332708,390086,294580,259899,237802,255074,251359,262792,280919,306146,339485,371366,279271,173545,141248,127905,70285,22672,2,0,0,4710681,도봉,서울특별시
1호선,도봉산,,3457,103578,169219,361490,406251,382079,396832,373137,415665,406015,427997,443698,438812,387297,344245,238865,146073,115218,94095,56045,19378,3,0,0,5729449,도봉산,서울특별시
1호선,방학,,11124,189434,288283,607741,721961,450558,393454,371094,422797,391566,398983,442494,505060,568371,665608,524842,314008,267805,225602,125736,39663,15,0,0,7926197,방학,서울특별시
1호선,석계,,17940,113364,211278,421194,519822,366482,319377,331785,336397,347957,340948,398281,468508,538665,686778,490065,334301,308804,252666,159361,30017,109,0,0,6994100,석계,서울특별시
1호선,신이문,,19544,148748,250637,555802,663104,372618,298566,284730,303515,308482,289725,337880,392222,439477,561822,421049,271556,229475,204481,128440,23049,73,0,0,6504994,신이문,서울특별시
1호선,오류동,,8187,198036,338981,790306,860176,554151,421531,400728,457892,437712,419182,459844,527341,614851,797833,636750,404779,365989,313040,189784,11976,8,0,0,9209078,오류동,서울특별시
1호선,온수,,2912,97581,175402,448438,492727,316614,247243,245556,279347,263412,258054,283713,371173,393560,464840,338861,213822,207446,173824,105365,9130,10,0,0,5389032,온수,서울특별시
1호선,외대앞,,7663,112044,200098,329250,624384,355946,373058,369251,393348,372846,413392,416599,507175,577766,584762,427550,310050,309161,295710,198118,33073,99,0,0,7211344,외대앞,서울특별시
1호선,월계,,13616,88973,175428,456443,516826,383178,280470,260628,295364,320731,266242,305215,399395,401565,467608,341154,200919,190570,154703,99217,19644,13,0,0,5637903,월계,서울특별시
1호선,창동,,13827,128932.5,208007.5,486784.5,535084.5,322620,277777.5,258961,297902.5,272875.5,271643,300360,354009,391854,469586.5,371749.5,223639.5,195248,163508,95607.5,27529,9,0,0,5667514,창동,서울특별시
1호선,회기,,10009,152025,339211,513983,844426,592181,614712,672794,721139,743688,774076,800114,875572,883643,873790,566846,392806,361732,305149,182282,38483,278,3,0,11258937,회기,서울특별시
2호선,까치산,,630.9,108065.7,247113,639307.8,671503.5,394978.5,292340.7,285741.9,309363.3,310908.6,294329.7,336834,402859.8,498674.7,690536.7,511645.5,301023,276747.3,242788.5,153369,37740.6,2249.1,3.6,0,7008755.4,까치산,서울특별시
7호선,총신대입구,,146,69809,229773,569852,1182028,731305,427821,381273,399823,424742,407363,442446,509803,675135,1023461,570369,380661,353646,288847,152926,45050,1101,3,0,9267379,총신대입구(이수),서울특별시