호선명,역명,04시-05시 승하차인원,05시-06시 승하차인원,06시-07시 승하차인원,07시-08시 승하차인원,08시-09시 승하차인원,09시-10시 승하차인원,10시-11시 승하차인원,11시-12시 승하차인원,12시-13시 승하차인원,13시-14시 승하차인원,14시-15시 승하차인원,15시-16시 승하차인원,16시-17시 승하차인원,17시-18시 승하차인원,18시-19시 승하차인원,19시-20시 승하차인원,20시-21시 승하차인원,21시-22시 승하차인원,22시-23시 승하차인원,23시-24시 승하차인원,00시-01시 승하차인원,01시-02시 승하차인원,02시-03시 승하차인원,03시-04시 승하차인원,총 승차인원,지하철역,주소
1호선,가산디지털단지,1639,11084,21609,70155,168645,84822,33749,27864,29505,31217,31001,33736,47043,95573,138105,64637,39322,34597,26247,12586,1366,1,0,0,1004503,가산디지털단지,서울특별시
1호선,구로,11870,28017,32513,69025,110182,67212,47489,43455,44483,46509,46364,52425,62419,89594,105144,56141,40035,37356,29681,19484,12348,37,1,0,1051783,구로,서울특별시
1호선,금천구청,648,13331,23926,61456,72193,37814,28371,26635,28961,29719,27041,32476,36619,47192,71048,45256,26797,25096,19583,11119,813,2,0,0,666094,금천구청,서울특별시
1호선,남영,101,3736,11680,34188,70816,39798,24751,22551,23756,24009,23701,27917,34298,45162,65922,32512,24209,23434,20190,10585,704,1,0,0,564022,남영,서울특별시
1호선,노량진,492,6770,12871,26502,40039,25673,19598,22231,24823,26308,24954,27579,32894,42687,57295,35361,26986,27255,24756,11620,986,1,0,0,517682,노량진,서울특별시
1호선,대방,494,7570,18758,57546,79611,41543,27593,25964,28406,29437,27866,30615,34315,51993,72329,36695,26045,25884,20986,11353,1467,1,0,0,656469,대방,서울특별시
1호선,독산,682,10394,31057,92193,148980,73265,34598,30024,32788,32747,30240,35841,47086,89465,119229,69109,39921,34525,27173,13652,919,2,0,0,993889,독산,서울특별시
1호선,동대문,775,12860,15668,25846,40280,39784,39134,43448,47499,47042,47850,47244,46807,45466,43777,36000,27482,24669,20956,13105,2522,170,1,0,668383,동대문,서울특별시
1호선,동묘앞,186,3887,8274,15458,30896,26465,31287,43104,51921,61647,61191,59236,53387,44816,31654,17208,11201,10343,9504,5070,1726,261,3,0,578726,동묘앞,서울특별시
1호선,서울역,328,8630,32567,80379,153888,112608,77261,80156,90156,89065,75347,94623,103183,136067,165193,96742,69122,70079,48710,22455,2674,114,2,0,1609348,서울역,서울특별시
1호선,시청,112,6769,26792,73746,197782,98850,54829,60637,60209,65432,66730,74750,81789,114749,181999,71771,58637,54523,36194,13621,1245,30,1,0,1401196,시청,서울특별시
1호선,신길,703,11909,16586,42731,60760,29000,18398,17031,20127,18924,17880,20309,25743,35553,51291,27338,19043,19388,15466,8490,1435,1,0,0,478106,신길,서울특별시
1호선,신도림,485,3196,6697,16316,26351,13733,10013,9174,9740,10382,9858,11382,13222,19273,28037,14310,9664,9392,7671,4006,1085,2,0,0,233989,신도림,서울특별시
1호선,신설동,375,10919,18014,43061,85012,51455,38296,37828,39075,41386,40159,43091,49922,61642,80106,40880,27858,25902,20496,12233,2287,16,1,0,770013,신설동,서울특별시
1호선,영등포,4466,23544,41068,99600,184897,133676,112297,125838,136106,147838,141587,160825,178946,210091,274024,163891,135421,108642,87190,38764,3698,8,0,0,2512416,영등포,서울특별시
1호선,용산,415,9647,41977,98800,188984,152839,117457,122011,121812,137816,128338,165343,175178,206029,248063,155452,135782,121244,77567,32332,2100,2,0,0,2439188,용산,서울특별시
1호선,제기동,392,6993,16986,41267,71132,56187,63378,76909,86073,90000,88898,87044,80379,71275,66642,38125,24779,20180,15692,8894,1352,9,0,0,1012585,제기동,서울특별시
1호선,종각,94,8235,28187,106212,258238,154103,78762,84486,84119,92256,94093,103093,114938,184252,258909,115210,90421,94528,71535,33018,1728,44,0,0,2056460,종각,서울특별시
1호선,종로3가,174,6878,16791,30270,78965,80860,78167,96275,109627,113132,113230,113422,116062,124233,139415,79918,58692,59191,46188,21670,3055,62,2,0,1486278,종로3가,서울특별시
1호선,종로5가,41,5475,18049,46235,105166,74581,76118,91263,99037,102508,106169,103707,103580,118388,128299,67387,43982,39100,25737,9609,1085,8,0,0,1365523,종로5가,서울특별시
1호선,청량리,950,14770,36794,53747,81882,63724,65874,75103,80687,85733,87289,91048,95690,91502,89448,54319,36582,31869,24199,12803,3376,35,0,0,1177425,청량리(서울시립대입구),서울특별시
2호선,강남,201,21286,69741,184640,361357,357411,198944,172773,186397,216697,213208,234613,266645,377662,497378,313717,217845,232088,215558,107273,19778,144,27,0,4465383,강남,서울특별시
2호선,강변,29,10810,49407,101944,160386,122474,103287,93186,95097,96232,96380,107583,117687,139270,173077,123896,89907,75029,62458,31267,6281,93,7,0,1855786,강변(동서울터미널),서울특별시
2호선,건대입구,362,18212,38488,77211,153660,114086,81143,84786,98334,108273,109520,120123,143312,182739,243618,173974,131350,133702,130279,78891,17320,810,25,2,2240221,건대입구,서울특별시
2호선,교대,30,9561,37328,81346,190432,169761,96278,92057,89036,100217,102423,104248,110990,161553,212664,109790,79570,80350,68621,30226,6077,33,10,0,1932602,교대(법원·검찰청),서울특별시
2호선,구로디지털단지,302,42173,72431,216403,420527,256820,126126,104643,112608,123053,117145,129222,156212,238467,378317,237550,148974,138800,123536,68369,15416,291,13,0,3227398,구로디지털단지,서울특별시
2호선,구의,54,14608,42776,82403,151862,92496,56061,50362,54140,56430,55324,63361,76802,92798,135417,90457,61346,58863,54857,31296,7944,140,8,1,1329805,구의(광진구청),서울특별시
2호선,낙성대,33,13433,36317,100934,166056,113911,71976,61669,67980,69040,66811,72642,84272,105418,149539,115108,77933,74252,70200,42110,10083,203,11,0,1569931,낙성대,서울특별시
2호선,당산,28,9519,29057,72653,131093,70627,43390,41234,44246,45788,44146,49279,60257,88395,133446,76448,52862,52668,47616,28277,5905,160,13,0,1127108,당산,서울특별시
2호선,대림,706,35713,41576,88132,147901,96761,67958,65529,65789,66358,63961,72721,84672,103999,121275,81172,57798,62373,55897,27526,6131,204,5,0,1414157,대림(구로구청),서울특별시
2호선,도림천,1,711,2148,7123,9458,4270,3519,2946,4207,3301,3828,4012,5087,5115,6689,4368,2614,2318,1669,1075,297,7,0,0,74763,도림천,서울특별시
2호선,동대문역사문화공원,235,6335,12370,28124,60060,43405,40607,44851,47451,49732,53830,56981,61859,68596,74981,54413,39912,38371,30545,17497,4605,129,8,0,834897,동대문역사문화공원,서울특별시
2호선,뚝섬,12,5289,23607,55255,159247,107311,55344,48602,53596,59434,59952,67480,78731,108480,173611,89144,56673,52055,38651,18196,3784,76,4,0,1314534,뚝섬,서울특별시
2호선,문래,8,6147,25281,77986,171359,88015,46407,42622,48107,50715,48622,53035,64328,95534,161971,78350,47638,46404,39115,21424,4800,96,8,0,1217970,문래,서울특별시
2호선,방배,3,5259,20716,48809,106055,78724,50146,45263,48303,49874,51677,54067,61842,78230,104247,57169,40165,38535,35090,16953,3816,27,7,0,994976,방배,서울특별시
2호선,봉천,75,16595,34768,92654,146945,94157,60140,54605,58717,60337,57846,65161,73472,85560,117561,92556,60547,56644,51634,29364,7962,333,5,1,1317637,봉천,서울특별시
2호선,사당,110,16461,60326,120482,169186,128817,93265,98362,105763,105053,108587,121872,146444,195788,262780,181440,131234,133750,128698,75920,15959,581,20,0,2400898,사당,서울특별시
2호선,삼성,174,9799,47700,147356,352308,259737,135451,119209,122866,144405,146785,159102,182560,277343,367288,190119,134357,117093,78799,26177,6871,995,8,11,3026512,삼성(무역센터),서울특별시
2호선,상왕십리,53,6104,19552,51878,97192,53982,35220,31938,35691,35823,35462,39286,45675,58941,79367,53053,34926,32544,28446,16073,4209,39,4,0,795458,상왕십리,서울특별시
2호선,서울대입구,4257,30214,56993,153373,241969,182391,122874,107054,117780,127139,120194,131832,151072,189825,262185,198130,133114,129708,124611,71927,21933,3017,25,13,2681630,서울대입구(관악구청),서울특별시
2호선,서초,22,6627,29829,67192,140171,119473,63010,61103,50480,60696,59005,62128,69769,96186,122770,61944,41031,40454,29830,12435,2257,14,1,0,1196427,서초,서울특별시
2호선,선릉,125,11035,51572,132496,312895,253465,139772,108631,112446,127986,126200,139854,164950,243298,348139,179258,113185,108131,93218,38510,8101,149,10,0,2813423,선릉,서울특별시
2호선,성수,61,9429,39373,97066,293714,173782,86433,76319,84601,96177,99484,108481,125182,185823,305676,151428,96132,86595,66473,32340,8760,839,12,12,2224190,성수,서울특별시
2호선,시청,71,2624,19429,68434,216420,95363,44052,47982,48167,54670,57171,61774,67455,115151,187748,68044,50463,47911,32370,14413,2725,76,52,0,1302563,시청,서울특별시
2호선,신답,9,1305,2482,7373,12976,5912,3648,3362,3638,3673,3799,4447,5579,6718,11841,8010,4032,4326,3586,2366,544,3,0,0,99628,신답,서울특별시
2호선,신당,28,7052,19286,43954,78204,49985,37391,38119,42442,44137,44030,46791,55273,66196,83682,55561,38093,34965,31582,17958,4371,51,5,0,839154,신당,서울특별시
2호선,신대방,179,26265,44088,105017,158781,100453,63134,55489,58502,59728,58521,67383,77128,95113,126896,103094,70895,70790,65019,37061,8801,209,6,0,1452552,신대방,서울특별시
2호선,신도림,3808,38372,71768,174751,251717,154881,121673,119656,129495,135769,132539,145246,166601,212449,295752,195019,132847,132783,116358,73798,23776,2426,31,22,2831537,신도림,서울특별시
2호선,신림,262,42374,90705,216443,327267,216175,135651,124156,134724,136852,136156,151935,176838,215894,309984,259022,173781,166667,153906,96241,24001,476,20,0,3289528,신림,서울특별시
2호선,신설동,47,1670,3343,9582,21249,13678,12199,12737,13752,15020,14337,14586,14572,16928,19898,10015,6739,6083,5018,2953,849,141,0,0,215395,신설동,서울특별시
2호선,신정네거리,54,9236,21121,54642,57393,33759,24986,24422,26441,26573,25156,28789,34432,42622,59020,43730,25728,23654,20751,13108,3226,192,0,0,599039,신정네거리,서울특별시
2호선,신촌,79,10606,29732,71735,136553,132083,102901,104473,120563,132021,124322,130026,148172,183135,211261,142302,112418,112561,108435,60499,11818,155,27,0,2185875,신촌,서울특별시
2호선,아현,35,5634,16917,40155,61792,36809,28308,26369,29476,29811,29145,32404,39923,43791,53164,36720,25468,23307,20108,11439,2742,36,3,0,593557,아현,서울특별시
2호선,양천구청,16,5765,13721,38076,40697,23072,16700,15868,17630,17535,16516,18459,22201,28374,38099,28626,16967,15955,13654,9490,2717,36,0,0,400174,양천구청,서울특별시
2호선,역삼,41,10729,47089,157365,381540,327207,153023,100888,98818,111842,109013,122432,140325,259313,337656,186809,109712,101693,74889,32345,6325,77,4,0,2869137,역삼,서울특별시
2호선,영등포구청,41,8653,26276,74408,169569,82893,49378,47848,50348,53507,53435,55796,65577,89608,155768,71914,48235,45235,37266,21123,5358,156,13,0,1212405,영등포구청,서울특별시
2호선,왕십리,886,8236,16762,38552,73578,48010,34676,35792,40637,42754,42829,47286,57047,71304,93994,59159,44979,46019,46324,28926,7006,84,19,0,884860,왕십리,서울특별시
2호선,용답,4,2577,4524,9895,17158,12373,8197,7166,8017,8972,7983,9143,11809,12322,14965,9897,6793,7206,6583,3966,1002,2,0,0,170554,용답,서울특별시
2호선,용두,37,1308,2662,7547,14854,8244,7013,7177,7224,8108,8250,8880,9109,9649,13453,7796,4611,4502,3170,1907,535,10,0,0,136044,용두(동대문구청),서울특별시
2호선,을지로3가,21,2794,21468,73652,184151,85300,48831,48161,48174,53445,54511,57624,67774,117726,174684,76643,53547,55179,48123,28370,4823,87,7,0,1305097,을지로3가,서울특별시
2호선,을지로4가,10,2250,15484,38311,86727,49378,36188,39302,38881,40690,42027,43021,47790,71781,83402,38839,23648,20741,16130,8962,2086,44,4,0,745695,을지로4가,서울특별시
2호선,을지로입구,77,5092,29776,130140,336601,174662,96242,99976,98146,108070,109816,119906,134395,210788,332458,150517,125648,94764,73384,32877,7633,735,16,6,2471723,을지로입구,서울특별시
2호선,이대,40,4473,15650,39420,76207,64057,50472,43687,53610,55870,49206,55975,60660,76838,82878,54950,41107,40446,36336,21275,4604,88,7,0,927856,이대,서울특별시
2호선,잠실,100,17102,80555,193025,340361,284692,198826,200325,207318,219522,227124,258987,295885,370653,467111,313964,263840,243097,187550,78130,12964,213,18,0,4461364,잠실(송파구청),서울특별시
2호선,잠실나루,15,5058,22346,59032,83709,54765,42932,40189,43265,42726,41920,44374,50815,62888,68908,43393,29290,26034,23657,12560,2919,46,2,0,800843,잠실나루,서울특별시
2호선,잠실새내,44,6021,25578,70622,104674,78989,57220,57339,62840,66449,65830,74377,82947,100918,127565,89597,63079,58551,57122,31795,6797,129,9,0,1288493,잠실새내,서울특별시
2호선,종합운동장,18,2489,15239,33261,48783,31882,25931,23995,31878,37558,33883,42787,59882,77507,75843,38738,34669,56081,55315,13295,1948,108,2,0,741092,종합운동장,서울특별시
2호선,충정로,32,4172,13788,37309,81928,41749,23872,22341,23051,25487,25133,26202,31016,45322,68569,29839,19781,19504,16255,9550,2355,53,4,0,567312,충정로(경기대입구),서울특별시
2호선,한양대,9,1486,8329,17074,62318,57205,48143,28253,44813,40930,38664,38846,46226,59896,54062,26833,20998,21867,17512,11726,2421,20,4,0,647634,한양대,서울특별시
2호선,합정,99,12848,32214,75211,149924,122366,78847,79818,88445,98873,97041,102009,119722,157920,231073,154163,103757,103651,95839,55113,12298,234,16,0,1971478,합정,서울특별시
2호선,홍대입구,1049,31631,48173,99111,184115,185422,143891,167934,200740,224186,225227,247513,284953,342643,411866,310472,240450,250345,238814,133947,25937,1734,43,9,4000203,홍대입구,서울특별시
3호선,가락시장,51,3282,12967,31503,50815,31170,24948,24793,25447,25781,26268,28921,32024,40227,53083,29555,20985,18354,15130,7544,2070,51,1,0,504969,가락시장,서울특별시
3호선,경복궁,78,4185,20143,53963,145692,106548,80145,80701,82555,88946,92124,96181,104493,120712,147674,70437,53022,50971,36237,15371,2284,42,36,0,1452538,경복궁(정부서울청사),서울특별시
3호선,경찰병원,22,3060,10506,31100,53429,29340,19945,17118,17325,19035,18014,19421,20290,30797,41519,23586,15955,13901,12028,6136,1551,6,0,0,404083,경찰병원,서울특별시
3호선,고속터미널,108,9080,41517,74829,119419,145874,149061,170063,177184,186804,201476,218544,228953,251552,254541,191833,176296,119807,78835,33028,3563,15,4,0,2832386,고속터미널,서울특별시
3호선,교대,70,2104,10716,28954,61047,47772,29124,27053,28601,33004,35154,36101,39653,61410,86107,39815,31309,31553,28016,10681,1527,6,2,0,669780,교대(법원·검찰청),서울특별시
3호선,구파발,105,12082,41446,108149,107449,72196,59361,54582,57628,57868,59158,62676,74145,81583,104393,81279,50909,45551,39083,24095,8050,269,6,6,1202070,구파발,서울특별시
3호선,금호,26,5060,12681,30261,45074,29464,21364,19527,20649,21479,20723,23156,26677,32345,41244,28511,20160,17077,15988,8097,1618,5,1,0,441188,금호,서울특별시
3호선,남부터미널,47,4206,34734,89916,193882,119282,83066,75313,78309,87563,87507,91314,108873,153206,197213,103027,68763,59768,48758,18736,2580,12,2,0,1706077,남부터미널(예술의전당),서울특별시
3호선,녹번,63,10539,29253,78031,93142,55635,37717,33566,35782,34454,33607,36744,44741,54268,80828,60684,37799,33369,29256,16665,3300,9,3,0,839453,녹번,서울특별시
3호선,대청,69,4775,17371,44183,61220,32218,24243,22160,23649,25188,24751,29639,36651,43594,53754,34313,23314,20694,20195,9966,2197,10,1,1,554156,대청,서울특별시
3호선,대치,16,3504,20241,42963,54606,35924,28129,27138,32521,36880,33768,37666,46071,60353,58202,40649,26050,29136,42472,9845,1903,8,1,1,668048,대치,서울특별시
3호선,도곡,37,1184,8082,21851,30356,22509,13617,13585,13379,14126,14096,16171,19671,25497,27326,16872,11179,9799,8666,3729,1900,200,1,1,293833,도곡,서울특별시
3호선,독립문,156,5669,10987,29014,38147,31403,28585,24963,25936,26215,25716,27523,29782,30729,32772,21042,14406,12446,10633,5759,2704,498,2,4,435090,독립문,서울특별시
3호선,동대입구,20,2821,11964,21535,60747,43430,34258,32641,29498,33193,34309,32818,38998,50306,65698,29911,23507,25624,19350,7109,1146,55,1,1,598941,동대입구,서울특별시
3호선,매봉,8,2233,15754,39469,93281,48814,28066,26485,25749,26903,28212,31245,35500,57258,86317,36956,24968,24937,18711,7860,1559,45,1,0,660332,매봉,서울특별시
3호선,무악재,23,2023,7730,18062,23689,14883,11605,10432,10624,10677,10545,11494,13846,16665,22379,15764,10315,9386,7955,5020,984,5,1,0,234107,무악재,서울특별시
3호선,불광,31,10509,24721,61751,91642,64818,50346,47786,51352,54323,53489,57513,63021,69608,89203,63655,41198,35935,29669,16644,3674,13,5,0,980903,불광,서울특별시
3호선,수서,210,7190,29345,69210,98688,64321,54791,45025,56207,52004,46261,61827,70201,83130,102277,61370,49561,38771,37662,15094,3237,205,2,3,1046590,수서,서울특별시
3호선,신사,76,5800,24324,54521,117615,149239,87241,73473,76492,83888,87964,93738,106298,142271,195819,125624,79134,79816,67713,32080,5157,14,9,0,1688308,신사,서울특별시
3호선,안국,21,3179,23841,92439,119894,86649,72998,84682,85612,89070,96307,102061,117277,149185,147621,66942,51256,45324,27661,10002,1309,9,3,0,1473342,안국,서울특별시
3호선,압구정,99,5060,31256,62888,172034,173194,105852,96628,90776,99238,102710,108405,121241,153216,202552,128471,91166,71359,54005,18902,3624,173,7,0,1892857,압구정,서울특별시
3호선,약수,112,7740,16789,40684,71118,48459,34376,33092,35370,36189,36633,39400,46427,55028,74834,45667,32549,31593,26890,14195,3900,372,2,5,731425,약수,서울특별시
3호선,양재,96,7822,56631,139509,274344,151334,87772,80644,79818,90416,88295,97479,116860,185946,267524,134645,93928,86522,64713,26992,4410,30,6,0,2135737,양재(서초구청),서울특별시
3호선,연신내,269,27797,61711,147631,179296,121549,92357,89874,99725,96781,94535,105225,124565,135360,179140,145557,91852,84166,73015,44765,11120,44,8,0,2006341,연신내,서울특별시
3호선,오금,29,4004,10645,32114,43203,21425,14280,12485,14089,14264,12951,14914,17899,24695,32621,19957,13575,12157,12844,6570,2190,8,0,0,336919,오금,서울특별시
3호선,옥수,256,3827,14117,31014,44427,31998,24069,24353,25244,27027,27750,30400,34538,42081,50600,34921,24788,22661,19811,9850,1801,4,1,0,525539,옥수,서울특별시
3호선,을지로3가,23,1600,9891,35108,82108,37746,23555,23310,23336,25489,26223,27889,32698,56901,85943,36992,23937,23361,18940,10594,1415,14,3,0,607075,을지로3가,서울특별시
3호선,일원,7,3751,19360,54469,48795,36185,33575,30227,32364,31771,32082,35580,42442,51025,38604,27378,17578,15348,15048,6621,1391,21,1,0,573621,일원,서울특별시
3호선,잠원,2,2177,11540,18161,26528,17581,12711,12927,13472,14484,13509,15102,19287,22420,22763,15474,10413,10646,10109,4807,956,3,3,0,275074,잠원,서울특별시
3호선,종로3가,35,1701,6884,17060,47168,46852,39255,35710,35578,35192,36682,38103,40453,50974,71079,39850,23144,23510,18551,9018,1194,22,8,2,618024,종로3가,서울특별시
3호선,충무로,22,2211,10928,28322,71428,40588,28907,27976,26417,29341,30266,30354,35848,53604,75821,33452,23722,24493,19145,8852,1281,35,2,1,603008,충무로,서울특별시
3호선,학여울,6,768,3482,7589,13254,9629,8386,7706,8794,9628,9585,10156,10814,12001,12350,6391,4312,3807,2951,1483,345,2,0,0,143438,학여울,서울특별시
3호선,홍제,89,11234,30921,75196,94688,64633,50035,47142,51397,49727,49247,54530,62782,70741,89054,65658,41983,38008,31404,18506,3299,11,4,0,1000289,홍제,서울특별시
4호선,길음,19,12257,40339,100723,115489,73943,55858,53524,56257,58368,56507,60333,73536,88953,111950,81510,53157,48486,47085,25249,4916,22,0,0,1218480,길음,서울특별시
4호선,남태령,48,538,2345,6162,9094,5092,3630,3506,3673,3351,3415,3541,4735,6726,5997,3348,2710,1964,1245,688,142,0,0,0,71950,남태령,서울특별시
4호선,노원,259,12454,31127,64143,84755,64325,50231,49826,57448,59945,58674,63557,74272,89225,115198,89970,63514,57368,50875,29721,7278,569,0,0,1174733,노원,서울특별시
4호선,당고개,57,8282,19974,45231,46372,32345,25784,23970,24677,24742,24446,25731,29225,32379,38069,32742,21721,18999,16733,11250,3106,288,1,0,506121,당고개,서울특별시
4호선,동대문,213,6787,16914,39363,76868,75740,74030,76781,75723,78544,84631,86475,88888,103807,77769,48964,35062,32906,20176,11272,1563,73,0,0,1112547,동대문,서울특별시
4호선,동대문역사문화공원,305,6938,17148,34066,74019,48252,41012,43325,45022,48025,52712,56154,60459,79250,98542,64006,45705,41971,31966,17588,3544,75,8,1,910094,동대문역사문화공원,서울특별시
4호선,동작,10,514,2582,4960,7769,5917,4981,4844,4718,5150,5301,5994,6526,8058,8998,5154,4908,3386,2447,1290,400,57,0,0,93965,동작(현충원),서울특별시
4호선,명동,30,2250,20180,53540,120942,94199,73624,80415,89207,89365,91045,104187,112923,133793,168675,97310,79532,68804,50520,19754,2801,97,1,0,1553193,명동,서울특별시
4호선,미아,65,12890,26893,61729,83739,52905,40223,41218,41355,41878,43046,47105,54017,61206,74131,55003,35145,31031,27041,15501,2858,17,0,0,848997,미아,서울특별시
4호선,미아사거리,66,17735,45217,110845,127489,91764,71082,69569,73840,75496,77662,88623,102400,112326,143428,110416,77231,61711,52476,28766,4992,19,0,0,1543154,미아사거리,서울특별시
4호선,사당,200,11810,43707,93201,119488,96106,68826,68005,71622,67777,66683,70908,84519,111137,144663,95377,67501,67969,62244,35352,6704,501,3,0,1454306,사당,서울특별시
4호선,삼각지,6,1135,7903,19404,29453,17720,14012,15148,17049,18145,17427,18612,22871,30924,42249,23156,16900,17119,15866,9274,1728,16,0,0,356114,삼각지,서울특별시
4호선,상계,46,14273,43975,102579,93524,60583,46920,44914,49964,48220,46396,51061,61317,70497,87109,75343,47736,42922,41178,23839,4683,422,2,0,1057502,상계,서울특별시
4호선,서울역,241,5294,22155,50544,95910,64859,39542,39728,45540,44883,43086,47665,55019,83745,99809,53209,36871,33502,27028,13364,3026,210,2,0,905231,서울역,서울특별시
4호선,성신여대입구,30,7553,25746,62241,89082,62327,51034,57570,60046,62466,65232,67468,78188,95741,115712,82709,60421,60161,54689,30529,6024,23,0,0,1194992,성신여대입구(돈암),서울특별시
4호선,수유,103,24657,59191,134046,174031,116539,86486,84481,89152,91961,92001,100225,120212,141415,187901,147182,96602,86717,76334,48409,8390,43,0,0,1966079,수유(강북구청),서울특별시
4호선,숙대입구,12,3556,14669,39783,74387,48838,39323,37086,39506,40273,40161,43408,55566,68347,88228,49546,37653,36544,32551,17285,2588,29,0,0,809341,숙대입구(갈월),서울특별시
4호선,신용산,8,2494,16279,46840,105100,80148,45098,42884,45541,49622,48455,55280,65809,96038,134713,68006,48049,44688,32742,15770,2099,23,0,0,1045687,신용산,서울특별시
4호선,쌍문,259,24677,60755,137661,151633,97227,72643,67445,71371,69408,66961,74794,88996,104928,137087,118501,75787,66618,60287,37120,7711,38,0,0,1591906,쌍문,서울특별시
4호선,이촌,26,2112,11824,25837,43524,36553,31492,30964,36848,38775,38747,41917,46790,49460,51426,26612,18837,17288,12672,6098,1180,29,0,0,569012,이촌(국립중앙박물관),서울특별시
4호선,창동,2028,19133,51993,104476,116605,81467,69612,67541,74997,78809,79417,86467,98662,111196,137349,103859,67189,59681,52392,30510,8583,99,0,0,1502065,창동,서울특별시
4호선,총신대입구,103,7071,25549,65109,101296,68579,53593,53007,57087,60397,59789,65735,74424,90284,119210,73691,51844,45430,39793,21231,3400,437,0,0,1137060,총신대입구(이수),서울특별시
4호선,충무로,93,6601,27069,64213,182471,117325,76356,70450,70178,75317,75316,78669,90383,129291,185168,91459,64203,62341,51773,29349,5411,101,6,0,1553543,충무로,서울특별시
4호선,한성대입구,60,7554,19531,47016,65524,50223,40395,39040,42805,44100,43052,46047,56801,62716,68310,49202,35904,32958,28918,16595,6373,1248,8,0,804380,한성대입구(삼선교),서울특별시
4호선,혜화,25,6141,30470,66809,136689,110865,98072,101743,115515,135719,136226,140642,153129,179789,198824,126522,93544,115017,104531,41475,6055,330,2,0,2098136,혜화,서울특별시
4호선,회현,19,2271,22817,57096,137563,107799,89679,96415,94938,97948,104415,106399,111320,124555,145010,63477,53104,28228,17691,7474,1343,64,0,0,1469625,회현(남대문시장),서울특별시
5호선,강동,103,11918,30789,82865,115858,62768,45521,43189,45643,48531,46729,51317,58584,76642,98115,61928,42634,37685,32507,19137,6607,24,4,0,1019099,강동,서울특별시
5호선,강일,2,3279,10807,26659,28129,16183,12573,11132,12254,11506,11102,13393,16126,19383,24032,19063,11476,10361,9022,5926,1603,5,0,0,274017,강일,서울특별시
5호선,개롱,9,4238,12650,30450,38035,21278,16475,15683,16908,17764,16974,18278,25180,28029,33511,25848,15464,13233,13139,6472,1758,4,1,0,371380,개롱,서울특별시
5호선,개화산,2,4747,12257,28195,35447,17969,13260,13362,14833,13790,13291,14860,17781,21975,29546,20615,12462,11474,10253,5447,1741,51,0,0,313358,개화산,서울특별시
5호선,거여,2,7017,20190,56942,60727,32915,23016,21422,22649,24847,22585,25216,34770,38626,52087,40420,22640,20122,19807,10180,2995,9,1,0,559188,거여,서울특별시
5호선,고덕,6,5845,17524,45211,43183,30190,27095,26623,27887,30813,28730,32714,39165,39829,46320,35368,20941,20410,19561,8719,3116,148,0,0,549400,고덕,서울특별시
5호선,공덕,10,2718,12435,50116,110140,55740,29918,30352,31587,33421,31449,33779,41654,68738,110559,47333,32656,32995,27685,13657,2535,9,6,0,799492,공덕,서울특별시
5호선,광나루,6,7155,24039,55399,79657,49419,38986,34939,36985,38404,37315,40459,48603,55821,72331,44350,31107,31167,26330,13057,2700,26,3,0,768258,광나루(장신대),서울특별시
5호선,광화문,21,2283,30444,84353,269490,130236,69099,75016,74045,85722,85043,89732,104148,154955,257239,98269,70511,72605,50024,18438,2880,67,127,0,1824746,광화문(세종문화회관),서울특별시
5호선,군자,39,7814,17110,41468,71402,38839,25778,24961,27989,29806,29123,31678,38762,53409,79259,50216,33214,31455,28787,17710,6482,909,16,0,686227,군자(능동),서울특별시
5호선,굽은다리,2,7671,16799,41981,52024,32231,24767,24674,25997,26835,25878,27033,32784,36433,49886,36222,23699,21361,19894,9546,3136,9,0,0,538863,굽은다리(강동구민회관앞),서울특별시
5호선,길동,8,5352,12939,29415,44069,28521,22316,22701,24765,24769,24694,26497,31631,34792,43458,29299,19066,16438,14298,7393,2694,6,0,0,465120,길동,서울특별시
5호선,김포공항,4,2962,11568,19771,25976,20420,23149,28074,29415,31717,32722,34334,35234,40052,43089,27329,19361,16545,14004,4602,727,8,0,1,461063,김포공항,서울특별시
5호선,까치산,209,26230,52496,135618,176490,97701,65106,62231,67397,66713,64566,73952,87110,103153,153630,117147,76937,71689,59833,36605,9165,378,7,0,1604362,까치산,서울특별시
5호선,답십리,27,10154,25599,67986,107671,54790,37082,34201,37239,38841,36392,40761,47901,62162,89246,53932,35167,31154,27053,14934,3856,25,6,0,856181,답십리,서울특별시
5호선,동대문역사문화공원,1,486,3275,10643,32158,14094,6619,6097,5827,6092,6683,6947,8623,14617,24472,10087,5938,5459,4292,2372,553,7,1,0,175342,동대문역사문화공원,서울특별시
5호선,둔촌동,2,4740,17318,34214,46556,27363,21800,21185,22605,24301,23292,26555,32360,39336,50045,31967,18506,17938,14828,7865,1582,5,1,0,484365,둔촌동,서울특별시
5호선,마곡,3,5027,15698,39145,74110,44800,24890,22179,23382,25296,25243,28105,35299,47905,66991,37655,23064,20160,17145,8111,2454,7,2,0,586669,마곡,서울특별시
5호선,마장,0,2973,9548,21948,35895,21315,15984,15172,17277,16312,15365,16728,19372,22870,29895,18949,12640,11699,10215,5476,1368,16,1,0,321018,마장,서울특별시
5호선,마천,52,7380,17028,45577,43711,24250,17762,15846,17275,17361,15519,19498,23315,26312,36079,28532,15940,15439,13803,8043,2917,8,1,1,411646,마천,서울특별시
5호선,마포,18,3590,15897,47503,106738,52758,31527,32545,32658,34328,32205,34944,41654,65072,103752,47332,33675,34505,27417,14106,2555,10,4,0,794793,마포,서울특별시
5호선,명일,8,6329,17598,42228,45339,28506,25346,23300,23629,24937,23657,25961,32726,32468,49123,36754,21436,19192,17948,9705,3021,16,0,0,509227,명일,서울특별시
5호선,목동,10,9502,26126,74414,100915,56172,40033,37157,40578,42726,41506,45417,55265,72130,107470,70325,44256,42204,40543,20065,5112,11,4,0,971940,목동,서울특별시
5호선,발산,4,5739,23228,64729,140676,76414,48387,50927,53505,57505,58552,64415,73467,101634,138647,75747,51848,47756,40470,19462,4077,14,5,0,1197208,발산,서울특별시
5호선,방이,2,3265,11347,26633,42224,24054,18210,16274,20276,19934,19586,22122,25649,34368,42201,27187,18044,18234,17831,6899,1313,5,1,0,415662,방이,서울특별시
5호선,방화,14,5108,14634,32812,38320,21654,17242,17053,18203,18483,18223,19774,22970,24601,31582,24390,15892,13387,12507,7241,2485,236,1,0,376813,방화,서울특별시
5호선,상일동,44,11043,36933,89152,72590,43187,33133,29306,33649,33278,30928,37727,41662,54069,73660,60573,34160,30408,26366,16143,6866,1160,1,0,796037,상일동,서울특별시
5호선,서대문,10,4062,20722,85847,186401,65637,39271,40299,39685,42945,41990,45197,55429,91137,140626,46237,34844,33321,24737,11605,2143,35,4,0,1052183,서대문,서울특별시
5호선,송정,25,4912,11953,27169,34296,22080,17613,16854,17905,17615,17438,18735,22081,25430,32394,23044,15717,14287,12658,7325,2026,7,0,1,361568,송정,서울특별시
5호선,신금호,30,3391,9890,29296,41372,22714,15727,14912,16566,17166,16636,19255,23599,26382,35760,24505,15833,13956,12097,7114,1906,7,2,0,368114,신금호,서울특별시
5호선,신길,60,2154,5940,19395,36639,15727,8360,7815,8380,8532,8059,8960,11446,17753,31109,15877,11829,12051,10971,6965,1755,15,5,0,249797,신길,서울특별시
5호선,신정,76,13079,27218,72694,91551,45937,28318,26022,27657,27377,25728,29684,36220,43684,63764,44394,28679,27246,25264,14817,3719,12,2,0,703142,신정(은행정),서울특별시
5호선,아차산,12,10294,22750,56162,87441,52197,41543,40054,42966,44020,44276,49607,55895,63222,80442,54383,36157,32116,26823,14351,3428,10,1,0,858148,아차산(어린이대공원후문),서울특별시
5호선,애오개,33,2710,9637,26738,50650,25361,15442,15091,16056,17724,16642,17960,20162,27221,42442,20808,13730,12192,10742,5920,2335,311,4,4,369914,애오개,서울특별시
5호선,양평,2,2870,10075,33564,65200,26292,13857,13092,14118,14589,13732,15089,18028,28127,52526,24382,15780,14106,12453,7032,1793,5,1,0,396710,양평,서울특별시
5호선,여의나루,7,2695,14145,44635,78979,35121,27742,29566,34366,40527,46867,54890,64375,88779,106169,59554,54092,43138,33149,12902,1547,10,1,0,873257,여의나루,서울특별시
5호선,여의도,6,5327,30159,147439,233037,94577,46799,52474,51688,59849,59211,65244,80719,172087,213722,86446,68012,57797,37311,15102,3239,19,15,0,1580279,여의도,서울특별시
5호선,영등포구청,1,1761,4802,13642,34429,15161,8631,8430,8882,9445,9464,10091,11661,16779,31881,12481,8173,7794,6461,3546,737,3,1,0,224256,영등포구청,서울특별시
5호선,영등포시장,3,3518,11108,35671,70334,37488,26710,26695,31907,36013,32442,33577,38758,47884,70693,35787,23701,22351,18753,10478,2021,8,5,0,615903,영등포시장,서울특별시
5호선,오금,7,1445,5272,16834,28771,12242,8371,7995,9057,8739,8664,10182,12766,16370,21979,10770,7197,6231,5902,3448,859,2,1,0,203105,오금,서울특별시
5호선,오목교,3,6817,23901,77817,123749,83172,54753,54801,58753,62317,62239,66722,80227,101837,142350,84274,64250,53856,46785,20639,4349,12,6,0,1273629,오목교(목동운동장앞),서울특별시
5호선,올림픽공원,29,2179,9246,17347,22378,15442,14053,13138,15469,15005,15375,17617,19970,21554,21048,14073,10639,11434,9456,4505,797,3,0,0,270757,올림픽공원(한국체대),서울특별시
5호선,왕십리,21,2343,5031,12110,26893,14522,11688,12165,13446,14749,14964,15759,18593,22304,31535,17940,13146,13049,11087,5876,2569,256,10,6,280063,왕십리,서울특별시
5호선,우장산,1,7409,26327,70552,80501,46495,37023,36128,39845,40911,39493,45020,52952,57597,72834,54348,33591,30202,29594,15867,3613,10,2,0,820316,우장산,서울특별시
5호선,을지로4가,1,1063,7334,19590,45797,21594,15366,16830,17205,17923,18200,18569,20556,32084,44838,18578,11628,10090,7058,3572,657,4,2,0,348540,을지로4가,서울특별시
5호선,장한평,29,8409,29986,75388,138529,66674,42855,39307,41267,41546,39734,44465,56348,77109,123496,70333,41875,36991,32186,18394,4352,127,5,0,1029406,장한평,서울특별시
5호선,종로3가,59,1972,7575,17496,45416,39296,36586,44091,49979,51994,52999,55819,62166,73513,92219,53288,42397,44502,36054,19350,3098,39,10,0,829918,종로3가(탑골공원),서울특별시
5호선,천호,61,8848,25255,47258,76223,58350,49601,52830,57439,61487,62668,69833,78613,92887,108891,76738,56467,45192,36677,19906,4759,28,4,0,1090016,천호(풍납토성),서울특별시
5호선,청구,4,1829,4814,10703,24969,14243,9609,9026,9368,9928,9861,10404,12517,15552,23601,14527,9580,8336,7740,4378,964,4,1,0,211960,청구,서울특별시
5호선,충정로,17,1144,4045,17990,42310,16985,8484,8507,8381,9710,9739,9460,11176,20355,36777,12910,8989,8639,7216,3855,818,65,2,0,247572,충정로(경기대입구),서울특별시
5호선,행당,22,4634,13897,36140,52430,28195,19629,18372,19605,19411,19168,21477,24435,29690,41153,27198,18162,16618,14471,7981,2129,9,1,0,434825,행당,서울특별시
5호선,화곡,285,24312,51020,130191,178487,97575,64502,60894,65329,66402,63593,70055,86727,106129,158833,113236,70600,65469,56390,33283,8561,25,5,1,1571903,화곡,서울특별시
6호선,고려대,26,4512,12070,32695,56157,29815,23116,20627,21315,25978,20935,24861,32510,37396,47037,29209,20009,20974,19400,11827,2828,56,0,0,493352,고려대(종암),서울특별시
6호선,공덕,122,6873,18563,58880,129965,70680,40866,39484,41511,42902,42664,46875,54949,84836,126428,61432,43319,42240,35113,19965,5378,116,1,0,1013165,공덕,서울특별시
6호선,광흥창,5,4229,12345,34828,61484,35738,23555,22148,24289,22872,22183,24862,27424,36861,54091,30871,19787,17977,15757,8468,1975,6,0,0,501757,광흥창(서강),서울특별시
6호선,구산,8,5548,13765,36742,44952,24579,17956,18074,19286,18475,17158,20136,24633,24507,30219,25555,14654,13320,11720,6440,1720,3,0,0,389450,구산,서울특별시
6호선,녹사평,42,1889,5916,13931,24729,14891,12114,12447,13918,15710,15340,17640,21747,26400,33087,21528,16345,16453,14706,8586,1542,6,0,0,308965,녹사평(용산구청),서울특별시
6호선,대흥,16,3338,9269,29692,55141,32586,26538,22814,26620,29608,24841,27545,33087,41114,49032,29056,20258,19805,19806,10488,2211,11,0,0,512875,대흥(서강대앞),서울특별시
6호선,독바위,2,2499,5834,15651,15838,9738,7794,6573,7364,6790,6688,7482,8984,9872,14226,12021,7219,6027,5784,3780,1224,2,0,0,161393,독바위,서울특별시
6호선,돌곶이,14,7430,17631,44473,59389,34605,25183,21481,24232,24959,24444,26101,29503,36108,46706,37183,22165,19293,18225,10468,2952,9,0,0,532555,돌곶이,서울특별시
6호선,동묘앞,155,5472,8916,17614,37683,30375,25700,28492,31873,32604,33925,35170,37047,37491,39736,24839,17530,15967,14282,10746,2337,88,1,0,488044,동묘앞,서울특별시
6호선,디지털미디어시티,122,8616,26501,77727,125353,58585,29939,26007,27929,27953,27176,30719,41193,62120,95847,55558,32165,28563,26488,14372,4760,12,0,0,827707,디지털미디어시티,서울특별시
6호선,마포구청,17,8945,20531,54081,90950,51667,34859,32189,35619,35846,33675,37688,42267,53926,77962,48710,33233,29409,27929,15934,3455,9,0,0,768899,마포구청,서울특별시
6호선,망원,6,6419,15135,35815,69404,52716,38749,42111,47926,51179,49822,55034,59447,69368,88965,60755,40934,37696,31520,18136,3129,7,0,0,874274,망원,서울특별시
6호선,버티고개,4,1118,2993,7461,12811,8156,5983,5355,5843,5999,5879,6815,7369,9310,12227,8070,5246,4903,4453,2605,578,36,0,0,123213,버티고개,서울특별시
6호선,보문,22,4399,11047,30727,52684,27378,18145,16918,18427,19149,17372,19544,23427,28501,40665,26183,18022,17285,16813,11258,2958,7,0,0,420933,보문,서울특별시
6호선,봉화산,23,6001,17825,53752,52544,27281,20735,18701,20579,20886,19647,21672,25142,32398,41957,35293,20946,17879,17032,10051,3083,176,0,0,483603,봉화산(서울의료원),서울특별시
6호선,불광,26,2062,6136,14674,20058,14474,11472,12538,13739,14977,15341,17219,18855,20049,24476,16959,11017,9564,7568,4612,1354,4,0,0,257172,불광,서울특별시
6호선,삼각지,14,2352,9015,23385,41275,22449,16245,17310,19013,20921,20244,22402,26227,34649,44408,22738,17127,16304,15351,8716,1920,8,0,0,402073,삼각지,서울특별시
6호선,상수,64,5710,9303,16618,38699,37996,26399,26035,31254,34905,32766,33722,40622,50720,64033,44008,32975,32943,32080,22936,4706,12,0,0,618506,상수,서울특별시
6호선,상월곡,11,5566,10895,27837,41965,23072,18122,16162,15806,16365,15708,16476,20048,23150,29441,23394,13487,14452,11675,7638,1960,5,0,0,353236,상월곡(한국과학기술연구원),서울특별시
6호선,새절,26,11426,24501,60736,76541,44008,29662,28408,31160,31942,29155,34163,40638,47067,62718,49319,29937,26728,23781,14980,4733,18,1,0,701646,새절(신사),서울특별시
6호선,석계,1095,10190,24837,56584,69146,40313,31079,30318,32035,32880,31378,34871,42602,49646,67253,54172,32346,29343,27167,17307,4694,14,0,0,719271,석계,서울특별시
6호선,신내,0,0,0,0,1,1,1,1,1,1,0,0,1,1,2,1,0,0,0,0,0,0,0,0,12,신내,서울특별시
6호선,신당,89,6910,11915,21296,47723,31283,21733,20977,22997,23173,20618,22324,28861,34011,44645,33644,22866,22865,24393,14490,3060,27,0,0,479899,신당,서울특별시
6호선,안암,17,3566,11389,26104,58372,46106,48047,37181,36528,43907,36540,44622,51765,62474,61070,37578,28838,30108,31441,20741,5277,117,0,0,721790,안암(고대병원앞),서울특별시
6호선,약수,5,1554,4130,10432,23866,14236,9622,9370,10067,10688,10001,11274,12580,16027,22014,12233,8260,8071,7054,3782,999,2,0,0,206266,약수,서울특별시
6호선,역촌,2,2379,7771,18900,24790,12803,9522,9636,11068,10870,10220,10737,13100,15529,22533,17230,9714,9495,8119,5418,1385,1,0,0,231224,역촌,서울특별시
6호선,연신내,0,0,0,3,2,1,1,1,1,1,3,1,2,2,2,2,1,1,1,1,0,0,0,0,25,연신내,서울특별시
6호선,월곡,20,7436,17270,47480,73697,43014,32582,30310,30581,32299,31917,33890,42442,47789,67047,45276,28486,26348,21855,13724,3449,10,0,0,676924,월곡(동덕여대),서울특별시
6호선,월드컵경기장,1,2120,6694,13484,19636,15288,17087,19254,21609,24344,25270,27759,30076,27924,34473,22540,12529,13745,13888,3944,689,1,0,0,352357,월드컵경기장(성산),서울특별시
6호선,응암,19,12570,32725,80261,106482,58902,42086,40104,44002,43380,42272,47196,55292,67760,96594,73638,48335,39972,36337,22619,5891,11,0,0,996447,응암,서울특별시
6호선,이태원,103,11945,16143,21104,40957,34251,27150,27692,31832,34429,36185,40637,49930,60002,72967,58100,46155,45449,43415,31479,6999,29,0,0,736954,이태원,서울특별시
6호선,증산,27,8446,19218,44888,58655,35467,24858,23573,25056,25475,24829,27562,32823,38860,54922,40885,25348,24000,20675,12284,3472,7,0,0,571329,증산(명지대앞),서울특별시
6호선,창신,11,2886,7240,19942,23186,12743,8535,7659,8134,8116,7473,8693,10677,11800,14180,10497,7606,6641,6004,3694,917,1,0,0,186637,창신,서울특별시
6호선,청구,11,2185,5385,13649,31887,17182,9019,8612,8444,9324,8831,9656,11638,13441,20237,13708,8422,7507,6677,3777,952,4,1,0,210549,청구,서울특별시
6호선,태릉입구,12,5233,10027,22821,31421,19480,15304,17121,16366,17251,17497,18126,21742,25035,34354,26277,15597,15032,13214,9533,3636,13,0,0,355094,태릉입구,서울특별시
6호선,한강진,61,1730,9547,23428,45484,33198,23302,24994,26788,33449,30889,37056,47259,56685,65449,38176,26319,26863,28367,6950,2097,150,5,0,588247,한강진,서울특별시
6호선,합정,19,5232,12859,29992,63545,44822,30456,33350,36715,41018,40206,43406,50406,64571,92116,59512,42864,44659,39811,24243,4569,12,0,0,804382,합정,서울특별시
6호선,화랑대,23,7104,24198,67259,71148,38171,26335,24875,24964,26967,23758,27357,32768,40245,50004,39736,23585,21396,18760,12034,3630,34,0,0,604351,화랑대(서울여대입구),서울특별시
6호선,효창공원앞,16,3111,9306,24519,50589,29688,19360,17594,18555,19354,17664,19236,23684,28771,43169,23580,15397,14152,12076,7450,2266,5,0,0,399541,효창공원앞,서울특별시
7호선,가산디지털단지,688,13579,37289,143917,398118,226755,75865,57910,62614,69084,70238,78282,101200,225821,334120,145439,81318,65921,39916,19585,4172,7,1,0,2251836,가산디지털단지,서울특별시
7호선,강남구청,24,3529,18571,40343,116688,112027,50194,35421,34715,39066,39162,42364,47760,67135,110686,65903,41413,38923,29821,13729,3200,3,0,0,950675,강남구청,서울특별시
7호선,건대입구,61,5035,12546,30794,56461,45367,39085,37562,40762,45084,46210,50208,55463,69185,76688,52927,42736,36455,32498,17974,5167,201,0,0,798469,건대입구,서울특별시
7호선,고속터미널,26,3806,24384,46879,69001,59893,52047,53376,50897,55098,53837,56762,61990,77776,77323,50630,45808,41307,30766,11676,1409,10,0,0,924700,고속터미널,서울특별시
7호선,공릉,24,7186,18735,47687,65569,41455,30850,29108,33390,34303,32737,36747,44122,49421,63705,49332,31047,28484,26536,16653,4555,9,0,0,691654,공릉(서울과학기술대),서울특별시
7호선,군자,41,9637,21158,45365,87063,56585,33114,29883,31930,33426,32785,36594,42872,54563,77037,54002,36777,34498,29583,16762,4339,46,2,0,768060,군자(능동),서울특별시
7호선,남구로,85,19165,23629,61700,130842,69244,34603,28846,29100,30313,28103,32890,44063,72136,102728,54189,32478,29413,22647,11507,2270,4,0,0,859954,남구로,서울특별시
7호선,남성,17,7020,17499,44931,71285,45416,29996,27697,28463,29325,27741,30617,34916,41213,56600,40163,27191,25067,21645,12632,3324,9,0,0,622767,남성,서울특별시
7호선,내방,5,3719,17851,42738,110566,67093,35822,30960,33048,36019,34930,37452,43515,62654,100856,47586,31373,29340,22793,10896,3607,160,0,0,802984,내방,서울특별시
7호선,노원,49,9516,22143,55702,85439,70901,59212,61836,67110,71206,72372,77562,83770,91392,107110,81432,54495,43233,39397,20563,5455,13,1,0,1179910,노원,서울특별시
7호선,논현,34,3893,19490,50207,118166,103434,46584,34195,34566,37870,40272,43421,50798,80998,129948,71233,44546,45241,40663,22261,4761,7,0,0,1022588,논현,서울특별시
7호선,대림,47,12609,12572,21671,40195,30474,27957,29683,28044,28867,29375,31327,34332,41848,43192,29180,21395,21174,17322,8567,1463,5,0,0,511300,대림(구로구청),서울특별시
7호선,도봉산,57,6146,22822,57982,55717,37286,29111,24908,25067,24410,23593,26934,32122,35077,45549,44222,26646,22253,20264,12836,4628,152,2,0,577783,도봉산,서울특별시
7호선,뚝섬유원지,14,5719,13642,28133,43708,30845,20570,20037,22844,25997,27914,32576,38510,45546,56358,43525,35162,33618,27668,13476,2587,10,0,0,568459,뚝섬유원지,서울특별시
7호선,마들,19,11333,28750,71498,74139,41533,31567,30596,33136,31813,31169,34617,38587,42640,57719,54270,31437,26286,24528,15276,4283,8,0,0,715204,마들,서울특별시
7호선,먹골,9,8474,16577,41100,60850,35403,25616,25148,27312,26957,25699,28995,34126,40273,52863,43447,27105,23688,20696,11925,3183,134,0,0,579580,먹골,서울특별시
7호선,면목,60,13748,29442,65594,99326,58650,39655,35098,39453,39112,36690,42793,53946,58638,73888,64212,38142,32661,29766,16292,4730,8,0,0,871904,면목,서울특별시
7호선,반포,3,2201,13459,19921,30899,24592,16191,16156,17566,18007,18032,19714,27005,26935,29649,19410,14338,14162,11189,4843,964,1,0,0,345237,반포,서울특별시
7호선,보라매,11,5287,10472,29370,54007,27454,18865,17975,19363,19269,19005,20519,24672,31252,46649,28130,18985,17356,15078,8345,2560,33,0,0,434654,보라매,서울특별시
7호선,사가정,24,12883,29627,66558,95148,58482,41347,38124,41229,41609,40613,46155,54198,65303,86634,69587,42336,37300,31851,18040,4931,9,0,0,921988,사가정,서울특별시
7호선,상도,7,6857,17507,41916,66954,43767,33919,29520,31474,31607,31707,33374,39503,46749,63131,40525,29283,27047,24899,16097,3887,9,0,0,659739,상도,서울특별시
7호선,상봉,427,12240,27954,65849,101212,56662,37996,37041,41127,42100,40834,44204,54135,66270,93386,75852,47536,40982,37237,21914,7986,57,0,0,953002,상봉(시외버스터미널),서울특별시
7호선,수락산,53,10275,26343,56470,66243,46328,37446,34316,36568,35429,35282,38519,43476,48730,60626,54792,33297,27238,23456,14476,4590,13,1,0,733968,수락산,서울특별시
7호선,숭실대입구,10,6619,16431,45183,74897,51098,47392,38563,36158,40932,40520,40452,52069,60155,69801,49247,34291,32926,31412,19927,4888,9,0,0,792980,숭실대입구(살피재),서울특별시
7호선,신대방삼거리,28,11143,23875,61943,95740,58884,37553,34413,37154,36510,36349,39226,46812,55229,81970,58458,37993,34797,29634,18645,5593,16,0,0,841964,신대방삼거리,서울특별시
7호선,신풍,134,14307,21906,51981,70129,42466,28576,26454,27985,28093,26851,30150,37041,45611,59601,41043,26481,24002,21577,11460,3393,380,1,0,639622,신풍,서울특별시
7호선,어린이대공원,8,4300,15716,35908,95960,65469,52983,48317,46846,53746,52343,51191,61049,73899,79945,49668,34839,33879,32667,20084,4388,14,0,0,913219,어린이대공원(세종대),서울특별시
7호선,온수,144,8097,20571,56288,70083,36625,20720,19005,21275,21154,19779,22812,30601,37766,52093,36995,22889,19817,17094,11026,5216,899,0,0,550950,온수(성공회대입구),서울특별시
7호선,용마산,6,5585,12774,27362,38982,23106,15841,13741,14624,14721,13957,16206,18811,21667,28883,23073,14343,13241,11563,6987,1993,2,0,0,337466,용마산,서울특별시
7호선,장승배기,11,7301,15953,33905,55714,35535,25373,23883,24618,25358,24141,26467,30692,34408,47180,31113,21354,19702,17230,10160,2974,7,0,0,513078,장승배기,서울특별시
7호선,중계,12,11265,29063,77419,89222,48791,35061,33399,37856,35746,32575,35991,43719,50422,61880,54776,32884,30025,26854,15627,4215,10,0,0,786811,중계,서울특별시
7호선,중곡,3,6774,17342,46227,73948,41440,26153,23523,25660,25572,24685,28519,35185,42536,55157,40112,24890,22282,19158,10090,2803,6,0,0,592065,중곡,서울특별시
7호선,중화,30,9643,20056,45131,68937,37455,26034,24940,27317,26511,25809,28958,35073,41842,55852,44167,26935,24024,21334,12279,3363,72,0,0,605762,중화,서울특별시
7호선,천왕,13,8850,23026,61241,74445,40507,25127,22948,25679,25376,24333,27626,34141,41697,60587,45463,27014,22639,19192,11765,2991,133,0,0,624792,천왕,서울특별시
7호선,청담,42,6432,33614,70800,164752,110844,49000,39217,41142,43222,43898,49620,60134,86931,134621,68704,41189,37760,29324,10158,3320,7,0,0,1124731,청담,서울특별시
7호선,태릉입구,144,8546,13386,30384,46727,32383,24915,25840,25647,26783,27539,29546,33599,39499,46380,34847,23250,21177,18775,10626,4011,1127,0,0,525130,태릉입구,서울특별시
7호선,하계,19,9496,31647,84496,98051,60612,45257,44565,50050,49744,47687,53266,61040,67660,81099,68119,43018,38096,33800,20406,5467,9,0,0,993605,하계,서울특별시
7호선,학동,5,3609,30219,62055,189971,151097,65284,41449,40156,46848,47876,52081,61914,99145,179956,89066,46343,41641,30680,13294,2595,3,0,0,1295287,학동,서울특별시
8호선,가락시장,81,5377,12223,24418,50877,26944,21501,21410,21209,21921,22797,25115,27260,34981,48035,26621,19951,19364,15407,8148,2882,420,2,0,456944,가락시장,서울특별시
8호선,강동구청,15,5969,16858,45047,74431,37972,25702,23962,25002,26674,26123,28578,33403,42078,62379,36052,23793,22341,18296,9414,2634,4,0,0,586726,강동구청,서울특별시
8호선,몽촌토성,2,3126,11081,21631,44062,25843,16701,17083,17152,17755,17510,19205,23995,29384,38625,22724,15184,14718,12158,6231,1554,4,0,0,375728,몽촌토성(평화의문),서울특별시
8호선,문정,5,5382,19976,73873,198599,94857,42467,35121,35974,41198,42475,45029,52181,102261,157041,65929,42021,37165,29417,13297,2560,7,0,0,1136835,문정,서울특별시
8호선,복정,11,6398,18674,38102,52777,33188,21960,17579,21670,19746,19202,22551,29685,39930,51932,33619,21892,18824,16894,7446,1504,5,0,0,493587,복정,서울특별시
8호선,석촌,2,3472,9405,24274,43993,31408,22833,22946,24880,25990,25295,26936,30674,38353,48120,30521,22232,20529,17103,9105,2539,38,0,0,480649,석촌,서울특별시
8호선,송파,4,3678,14283,37889,52217,30752,23313,21883,23766,24628,23867,27561,32025,36026,46431,32577,19877,17945,15854,8377,2056,167,0,0,495178,송파,서울특별시
8호선,암사,46,15480,34029,89864,123818,65720,41316,38532,42560,42172,41035,45540,53153,66571,92881,72245,43519,35177,34614,18147,4533,591,0,0,1001543,암사,서울특별시
8호선,잠실,12,3733,14681,39764,90747,54915,41913,46041,48843,52743,55544,62507,68254,85254,110623,62167,49459,45077,33769,13033,2729,59,0,0,981869,잠실(송파구청),서울특별시
8호선,장지,19,8437,29460,72804,103967,61443,40308,38363,42899,41828,43168,49961,60548,77735,98854,61810,44099,35258,28401,14370,2858,7,0,0,956597,장지,서울특별시
8호선,천호,70,12056,27936,53985,84443,55426,37357,37296,40844,43129,43511,49595,56962,74300,97148,65944,43762,37341,30931,16640,4896,217,0,0,913792,천호(풍납토성),서울특별시
9호선,가양,91,17081,35524,102709,128744,73369,51284,49902,53567,54072,52379,57300,69043,85334,118583,82287,52147,48313,40264,23140,6203,152,0,0,1201487,가양,서울특별시
9호선,고속터미널,16,3647,21533,36318,51365,50689,52142,55626,58850,62901,67184,72826,80503,86814,92602,68879,54240,44580,38037,16944,2256,8,1,0,1017960,고속터미널,서울특별시
9호선,공항시장,8,3569,5847,12051,15098,9624,7818,7723,8610,8589,8176,9189,10857,12318,15116,12882,8818,7642,6722,4612,1480,5,0,0,176754,공항시장,서울특별시
9호선,구반포,1,403,2553,4090,6332,4751,2899,2904,3366,3764,3690,4063,4980,6012,7146,3622,2255,1878,1591,740,233,2,0,0,67273,구반포,서울특별시
9호선,국회의사당,1,2646,11621,48543,153409,80112,34262,32980,34211,38520,38599,36600,44021,84626,119173,44974,28741,27164,18185,7353,1425,12,0,0,887177,국회의사당,서울특별시
9호선,김포공항,5,2979,16677,27460,33427,27233,30490,35024,36155,37860,38756,40084,43375,48468,52059,34492,22394,18479,14963,4897,1334,25,2,0,566639,김포공항,서울특별시
9호선,노들,11,4092,7279,19202,26098,16088,12242,10615,11615,12177,11637,13137,14847,17198,23239,15925,11052,10457,8768,5016,1103,5,0,0,251803,노들,서울특별시
9호선,노량진,321,18583,38777,103320,156025,90309,58670,57837,67907,74972,64634,69594,82040,109020,146963,90754,72605,77642,78116,36186,6232,15,2,0,1500524,노량진,서울특별시
9호선,당산,75,10099,24653,69161,107058,60816,43609,44412,47814,48635,47534,50808,58681,83710,116062,76892,53945,52218,49067,29343,6314,245,1,0,1081152,당산,서울특별시
9호선,동작,8,1233,3245,6803,9527,7196,6317,6445,6448,6438,6318,6298,6844,7141,8454,4907,3450,3361,3141,1972,935,231,0,0,106711,동작(현충원),서울특별시
9호선,둔촌오륜,0,633,2716,6527,6361,3521,2303,2338,2358,2585,2476,3361,5706,4485,5061,3569,2151,2057,1941,980,295,32,0,0,61456,둔촌오륜,서울특별시
9호선,등촌,11,6435,18756,52024,74131,36556,27386,27227,29026,29071,28358,31620,35655,42513,61316,45629,28036,22197,20098,12805,3006,11,0,0,631867,등촌,서울특별시
9호선,마곡나루,7,5479,18946,49057,81839,37817,25044,24708,26455,28307,28521,31339,37398,61135,80977,51031,34185,31890,28903,16751,4380,130,0,0,704300,마곡나루,서울특별시
9호선,봉은사,3,3295,18417,46135,117477,86923,51695,51373,55267,60624,62188,64513,73587,100949,128301,66685,45829,41644,29028,9550,1604,9,0,0,1115096,봉은사,서울특별시
9호선,사평,1,1057,4713,15438,21391,12092,9468,9236,10315,11020,10880,11680,15114,16814,19372,13815,8602,7750,7522,3633,863,2,0,0,210779,사평,서울특별시
9호선,삼성중앙,1,1422,7010,21269,51241,39016,18879,14616,15397,16916,16644,17891,21917,34451,55646,26982,16061,14496,10868,5551,1241,3,0,0,407517,삼성중앙,서울특별시
9호선,삼전,6,4987,9493,24669,44542,28909,17431,15361,16886,17425,16706,17974,20784,27990,40382,28462,18802,17564,15398,8895,2374,383,0,0,395419,삼전,서울특별시
9호선,샛강,7,2079,6358,20594,44114,19363,13610,13890,13513,14810,15367,15925,18772,31033,45061,19541,14517,13894,11067,5775,1515,6,0,0,340810,샛강,서울특별시
9호선,석촌,1,3398,11590,29099,43918,34150,22187,21326,23112,24021,23159,23766,29361,36347,47065,35403,23326,23209,21900,10996,2565,8,0,0,489906,석촌,서울특별시
9호선,석촌고분,2,3115,8104,21900,43215,27756,16511,14821,16268,16610,15424,17456,20152,25241,39080,24988,17347,15553,13262,7621,2019,5,0,0,366446,석촌고분,서울특별시
9호선,선유도,1,3285,10589,36633,68926,31112,16183,16489,17145,17559,17361,19083,23421,38113,58969,29737,17173,15194,12723,6932,1899,5,0,0,458532,선유도,서울특별시
9호선,선정릉,2,2161,10778,27019,73958,56139,27888,21569,21650,23156,23396,23224,28173,44764,69736,39775,22332,20230,17197,7738,1847,5,0,0,562739,선정릉(한국과학창의재단),서울특별시
9호선,송파나루,2,2281,6285,16082,30228,19970,12556,13964,15357,16440,15358,15940,20040,24773,35284,24341,14540,14534,12006,6294,1826,4,0,0,318104,송파나루,서울특별시
9호선,신논현,52,5766,26681,71119,130815,125881,79830,74049,78828,87024,87611,92297,110972,146813,201412,130431,87637,88723,80793,43761,7438,507,3,0,1758443,신논현,서울특별시
9호선,신목동,2,2436,8678,24008,26510,13041,9489,9134,9042,9569,9100,9518,12884,15668,20137,14503,8536,8894,7850,4245,1484,92,0,0,224820,신목동,서울특별시
9호선,신반포,1,1448,13898,13509,17476,11509,9744,8408,9546,11164,11003,13792,20341,20767,20280,12963,8636,8116,6733,3161,571,2,0,0,223067,신반포,서울특별시
9호선,신방화,5,5311,13890,33278,39096,21541,16875,16511,18572,17937,17011,20164,23055,24436,35709,26410,17127,14625,12878,7894,2265,6,0,0,384595,신방화,서울특별시
9호선,양천향교,10,5573,17508,42034,72014,32345,20943,19995,22640,22187,22447,23885,28331,40094,60027,37353,23920,20678,18903,11858,3275,10,0,0,546029,양천향교,서울특별시
9호선,언주,1,2574,12562,28019,74030,55594,32489,23605,24101,27214,26475,29094,34915,53377,71627,37757,22417,19432,14647,7127,1628,48,0,0,598733,언주,서울특별시
9호선,여의도,26,5165,28878,142937,182856,84959,49143,55060,55224,63109,62933,69747,86535,177241,185603,92107,70849,56916,36655,14509,3138,206,0,0,1523797,여의도,서울특별시
9호선,염창,16,12668,33070,87201,107389,58670,39432,36049,39403,38231,36982,41529,48742,65696,96994,76536,50053,42775,39833,25190,5567,735,0,0,982761,염창,서울특별시
9호선,올림픽공원,4,3005,11757,21915,36892,24141,20458,21317,24298,25466,25306,29448,34148,39046,42950,29408,27573,30577,26708,10146,1881,23,1,0,486468,올림픽공원(한국체대),서울특별시
9호선,종합운동장,3,1456,5370,14424,22818,16777,10767,10733,12000,13402,12951,13868,16852,22392,29254,18472,12894,14258,13067,6938,1265,12,0,0,269974,종합운동장,서울특별시
9호선,증미,1,3192,12003,31482,60479,24853,15418,14255,14985,15049,14674,16692,19339,28892,49841,24565,14028,12317,9904,6429,1373,5,0,0,389773,증미,서울특별시
9호선,한성백제,0,1262,4173,9241,15991,10123,7054,6783,7420,7889,7918,8231,9393,11268,15888,9576,6473,5764,4999,2657,842,2,0,0,152947,한성백제,서울특별시
9호선,흑석,17,4611,12145,28534,45726,30205,27650,25079,28300,28691,27970,30720,36648,44230,49247,29739,23234,21063,20140,11954,2588,25,0,0,528516,흑석,서울특별시
1호선,개봉,1455,22892,48444,107232,110636,73023,54089,52737,57819,55137,54809,60760,74126,90503,116943,85389,55322,50310,41493,22382,1365,0,0,0,1236868,개봉,서울특별시
1호선,광운대,2142,7230,15303,35912,44036,25640,21936,24626,22543,24097,24496,24455,29466,32206,38210,27416,19282,17804,14880,11894,4649,25,0,0,468247,광운대,서울특별시
1호선,구일,295,5614,13835,34441,37573,24532,16902,16450,21226,23968,18763,22861,30361,37901,43753,27451,18779,20890,18388,8142,381,1,0,0,442506,구일,서울특별시
1호선,녹천,1181,4888,9124,26131,24872,13906,11579,10488,12358,11013,10307,11302,14497,15381,19540,15618,9519,8764,7244,4677,1100,0,0,0,243488,녹천,서울특별시
1호선,도봉,346,8582,13468,23765,27863,21041,18564,16986,18220,17954,18771,20066,21868,24249,26526,19948,12396,10089,9136,5020,1619,0,0,0,336477,도봉,서울특별시
1호선,도봉산,247,7398,12087,25821,29018,27291,28345,26653,29690,29001,30571,31693,31344,27664,24589,17062,10434,8230,6721,4003,1384,0,0,0,409246,도봉산,서울특별시
1호선,방학,795,13531,20592,43410,51569,32183,28104,26507,30200,27969,28499,31607,36076,40598,47543,37489,22429,19129,16114,8981,2833,1,0,0,566157,방학,서울특별시
1호선,석계,1281,8097,15091,30085,37130,26177,22813,23699,24028,24854,24353,28449,33465,38476,49056,35005,23879,22057,18048,11383,2144,8,0,0,499579,석계,서울특별시
1호선,신이문,1396,10625,17903,39700,47365,26616,21326,20338,21680,22034,20695,24134,28016,31391,40130,30075,19397,16391,14606,9174,1646,5,0,0,464642,신이문,서울특별시
1호선,오류동,585,14145,24213,56450,61441,39582,30109,28623,32707,31265,29942,32846,37667,43918,56988,45482,28913,26142,22360,13556,855,1,0,0,657791,오류동,서울특별시
1호선,온수,208,6970,12529,32031,35195,22615,17660,17540,19953,18815,18432,20265,26512,28111,33203,24204,15273,14818,12416,7526,652,1,0,0,384931,온수,서울특별시
1호선,외대앞,547,8003,14293,23518,44599,25425,26647,26375,28096,26632,29528,29757,36227,41269,41769,30539,22146,22083,21122,14151,2362,7,0,0,515096,외대앞,서울특별시
1호선,월계,973,6355,12531,32603,36916,27370,20034,18616,21097,22909,19017,21801,28528,28683,33401,24368,14351,13612,11050,7087,1403,1,0,0,402707,월계,서울특별시
1호선,창동,988,9209.5,14858,34770.5,38220.5,23044.5,19841.5,18497.5,21279,19491,19403,21454.5,25286.5,27989.5,33541.5,26553.5,15974,13946.5,11679,6829,1966.5,0.5,0,0,404822.5,창동,서울특별시
1호선,회기,749,11387,25544,38633,63241,44575,46261,50739,54392,56183,58409,60403,65959,66386,65609,42429,29364,26976,22661,13477,2869,21,0,0,846261,회기,서울특별시
2호선,까치산,48.6,8312.4,19008.9,49177.8,51653.7,30383.1,22487.4,21979.8,23796.9,23915.7,22640.4,25910.1,30988.8,38359.8,53118,39357,23155.2,21288.6,18675.9,11797.2,2903.4,172.8,0,0,539135.1,까치산,서울특별시
7호선,총신대입구,11,5369.5,17675,43834.5,90925.5,56254.5,32909,29328.5,30755.5,32672,31335.5,34034.5,39215.5,51933.5,78728,43874.5,29282,27203.5,22219,11764,3465.5,84.5,0,0,712875.5,총신대입구(이수),서울특별시