,역명,04시-05시 승하차인원,05시-06시 승하차인원,06시-07시 승하차인원,07시-08시 승하차인원,08시-09시 승하차인원,09시-10시 승하차인원,10시-11시 승하차인원,11시-12시 승하차인원,12시-13시 승하차인원,13시-14시 승하차인원,14시-15시 승하차인원,15시-16시 승하차인원,16시-17시 승하차인원,17시-18시 승하차인원,18시-19시 승하차인원,19시-20시 승하차인원,20시-21시 승하차인원,21시-22시 승하차인원,22시-23시 승하차인원,23시-24시 승하차인원,00시-01시 승하차인원,01시-02시 승하차인원,02시-03시 승하차인원,03시-04시 승하차인원,총승차인원(평균),호선명,지하철역,주소
3,강남,201.0,21286.0,69741.0,184640.0,361357.0,357411.0,198944.0,172773.0,186397.0,216697.0,213208.0,234613.0,266645.0,377662.0,497378.0,313717.0,217845.0,232088.0,215558.0,107273.0,19778.0,144.0,27.0,0.0,4465383.0,2호선,강남,서울특별시
28,구로디지털단지,302.0,42173.0,72431.0,216403.0,420527.0,256820.0,126126.0,104643.0,112608.0,123053.0,117145.0,129222.0,156212.0,238467.0,378317.0,237550.0,148974.0,138800.0,123536.0,68369.0,15416.0,291.0,13.0,0.0,3227398.0,2호선,구로디지털단지,서울특별시
122,삼성,174.0,9799.0,47700.0,147356.0,352308.0,259737.0,135451.0,119209.0,122866.0,144405.0,146785.0,159102.0,182560.0,277343.0,367288.0,190119.0,134357.0,117093.0,78799.0,26177.0,6871.0,995.0,8.0,11.0,3026512.0,2호선,삼성(무역센터),서울특별시
193,역삼,41.0,10729.0,47089.0,157365.0,381540.0,327207.0,153023.0,100888.0,98818.0,111842.0,109013.0,122432.0,140325.0,259313.0,337656.0,186809.0,109712.0,101693.0,74889.0,32345.0,6325.0,77.0,4.0,0.0,2869137.0,2호선,역삼,서울특별시
224,잠실,56.0,10418.0,47618.0,116394.0,215554.0,169804.0,120369.0,123183.0,128080.0,136132.0,141334.0,160747.0,182070.0,227954.0,288867.0,188066.0,156650.0,144087.0,110660.0,45582.0,7846.0,136.0,9.0,0.0,2721616.0,2호선8호선,잠실(송파구청)잠실(송파구청),서울특별시
135,서울대입구,4257.0,30214.0,56993.0,153373.0,241969.0,182391.0,122874.0,107054.0,117780.0,127139.0,120194.0,131832.0,151072.0,189825.0,262185.0,198130.0,133114.0,129708.0,124611.0,71927.0,21933.0,3017.0,25.0,13.0,2681630.0,2호선,서울대입구(관악구청),서울특별시
197,영등포,4466.0,23544.0,41068.0,99600.0,184897.0,133676.0,112297.0,125838.0,136106.0,147838.0,141587.0,160825.0,178946.0,210091.0,274024.0,163891.0,135421.0,108642.0,87190.0,38764.0,3698.0,8.0,0.0,0.0,2512416.0,1호선,영등포,서울특별시
218,을지로입구,77.0,5092.0,29776.0,130140.0,336601.0,174662.0,96242.0,99976.0,98146.0,108070.0,109816.0,119906.0,134395.0,210788.0,332458.0,150517.0,125648.0,94764.0,73384.0,32877.0,7633.0,735.0,16.0,6.0,2471723.0,2호선,을지로입구,서울특별시
211,용산,415.0,9647.0,41977.0,98800.0,188984.0,152839.0,117457.0,122011.0,121812.0,137816.0,128338.0,165343.0,175178.0,206029.0,248063.0,155452.0,135782.0,121244.0,77567.0,32332.0,2100.0,2.0,0.0,0.0,2439188.0,1호선,용산,서울특별시
144,성수,61.0,9429.0,39373.0,97066.0,293714.0,173782.0,86433.0,76319.0,84601.0,96177.0,99484.0,108481.0,125182.0,185823.0,305676.0,151428.0,96132.0,86595.0,66473.0,32340.0,8760.0,839.0,12.0,12.0,2224190.0,2호선,성수,서울특별시
185,양재,96.0,7822.0,56631.0,139509.0,274344.0,151334.0,87772.0,80644.0,79818.0,90416.0,88295.0,97479.0,116860.0,185946.0,267524.0,134645.0,93928.0,86522.0,64713.0,26992.0,4410.0,30.0,6.0,0.0,2135737.0,3호선,양재(서초구청),서울특별시
261,혜화,25.0,6141.0,30470.0,66809.0,136689.0,110865.0,98072.0,101743.0,115515.0,135719.0,136226.0,140642.0,153129.0,179789.0,198824.0,126522.0,93544.0,115017.0,104531.0,41475.0,6055.0,330.0,2.0,0.0,2098136.0,4호선,혜화,서울특별시
232,종각,94.0,8235.0,28187.0,106212.0,258238.0,154103.0,78762.0,84486.0,84119.0,92256.0,94093.0,103093.0,114938.0,184252.0,258909.0,115210.0,90421.0,94528.0,71535.0,33018.0,1728.0,44.0,0.0,0.0,2056460.0,1호선,종각,서울특별시
151,수유,103.0,24657.0,59191.0,134046.0,174031.0,116539.0,86486.0,84481.0,89152.0,91961.0,92001.0,100225.0,120212.0,141415.0,187901.0,147182.0,96602.0,86717.0,76334.0,48409.0,8390.0,43.0,0.0,0.0,1966079.0,4호선,수유(강북구청),서울특별시
119,사당,155.0,14136.0,52017.0,106842.0,144337.0,112461.0,81045.0,83183.0,88693.0,86415.0,87635.0,96390.0,115482.0,153462.0,203721.0,138408.0,99367.0,100860.0,95471.0,55636.0,11332.0,541.0,12.0,0.0,1927602.0,2호선4호선,사당사당,서울특별시
182,압구정,99.0,5060.0,31256.0,62888.0,172034.0,173194.0,105852.0,96628.0,90776.0,99238.0,102710.0,108405.0,121241.0,153216.0,202552.0,128471.0,91166.0,71359.0,54005.0,18902.0,3624.0,173.0,7.0,0.0,1892857.0,3호선,압구정,서울특별시
7,강변,29.0,10810.0,49407.0,101944.0,160386.0,122474.0,103287.0,93186.0,95097.0,96232.0,96380.0,107583.0,117687.0,139270.0,173077.0,123896.0,89907.0,75029.0,62458.0,31267.0,6281.0,93.0,7.0,0.0,1855786.0,2호선,강변(동서울터미널),서울특별시
141,선릉,92.0,6805.0,32273.0,90769.0,227989.0,175488.0,93748.0,71126.0,72585.0,81884.0,79356.0,86956.0,104651.0,156312.0,226272.0,114380.0,71083.0,67502.0,58288.0,23535.0,4534.0,75.0,5.0,0.0,1845706.0,2호선,선릉,서울특별시
24,광화문,21.0,2283.0,30444.0,84353.0,269490.0,130236.0,69099.0,75016.0,74045.0,85722.0,85043.0,89732.0,104148.0,154955.0,257239.0,98269.0,70511.0,72605.0,50024.0,18438.0,2880.0,67.0,127.0,0.0,1824746.0,5호선,광화문(세종문화회관),서울특별시
158,신논현,52.0,5766.0,26681.0,71119.0,130815.0,125881.0,79830.0,74049.0,78828.0,87024.0,87611.0,92297.0,110972.0,146813.0,201412.0,130431.0,87637.0,88723.0,80793.0,43761.0,7438.0,507.0,3.0,0.0,1758443.0,9호선,신논현,서울특별시
45,남부터미널,47.0,4206.0,34734.0,89916.0,193882.0,119282.0,83066.0,75313.0,78309.0,87563.0,87507.0,91314.0,108873.0,153206.0,197213.0,103027.0,68763.0,59768.0,48758.0,18736.0,2580.0,12.0,2.0,0.0,1706077.0,3호선,남부터미널(예술의전당),서울특별시
164,신림,135.0,21604.0,46105.0,110374.0,167683.0,110863.0,70031.0,64505.0,70088.0,71299.0,71009.0,79270.0,91835.0,112142.0,161039.0,133616.0,89444.0,85603.0,78856.0,49397.0,12459.0,240.0,10.0,0.0,1697608.0,2호선,신림,서울특별시
168,신사,76.0,5800.0,24324.0,54521.0,117615.0,149239.0,87241.0,73473.0,76492.0,83888.0,87964.0,93738.0,106298.0,142271.0,195819.0,125624.0,79134.0,79816.0,67713.0,32080.0,5157.0,14.0,9.0,0.0,1688308.0,3호선,신사,서울특별시
262,홍대입구,420.0,12347.0,19514.0,40746.0,76603.0,75838.0,60205.0,69762.0,83193.0,92346.0,92158.0,101095.0,116545.0,139742.0,167989.0,125501.0,96890.0,100932.0,95736.0,53161.0,9845.0,580.0,14.0,3.0,1631164.0,2호선,홍대입구,서울특별시
1,가산디지털단지,1163.0,12332.0,29449.0,107036.0,283381.0,155788.0,54807.0,42887.0,46060.0,50151.0,50619.0,56009.0,74122.0,160697.0,236112.0,105038.0,60320.0,50259.0,33081.0,16086.0,2769.0,4.0,0.0,0.0,1628170.0,1호선7호선,가산디지털단지가산디지털단지,서울특별시
42,까치산,209.0,26230.0,52496.0,135618.0,176490.0,97701.0,65106.0,62231.0,67397.0,66713.0,64566.0,73952.0,87110.0,103153.0,153630.0,117147.0,76937.0,71689.0,59833.0,36605.0,9165.0,378.0,7.0,0.0,1604362.0,2호선5호선,까치산까치산,서울특별시
176,쌍문,259.0,24677.0,60755.0,137661.0,151633.0,97227.0,72643.0,67445.0,71371.0,69408.0,66961.0,74794.0,88996.0,104928.0,137087.0,118501.0,75787.0,66618.0,60287.0,37120.0,7711.0,38.0,0.0,0.0,1591906.0,4호선,쌍문,서울특별시
18,고속터미널,50.0,5511.0,29145.0,52675.0,79928.0,85485.0,84417.0,93022.0,95643.0,101601.0,107499.0,116044.0,123815.0,138714.0,141489.0,103781.0,92115.0,68565.0,49212.0,20549.0,2409.0,11.0,2.0,0.0,1591682.0,3호선7호선9호선,고속터미널고속터미널고속터미널,서울특별시
264,화곡,285.0,24312.0,51020.0,130191.0,178487.0,97575.0,64502.0,60894.0,65329.0,66402.0,63593.0,70055.0,86727.0,106129.0,158833.0,113236.0,70600.0,65469.0,56390.0,33283.0,8561.0,25.0,5.0,1.0,1571903.0,5호선,화곡,서울특별시
43,낙성대,33.0,13433.0,36317.0,100934.0,166056.0,113911.0,71976.0,61669.0,67980.0,69040.0,66811.0,72642.0,84272.0,105418.0,149539.0,115108.0,77933.0,74252.0,70200.0,42110.0,10083.0,203.0,11.0,0.0,1569931.0,2호선,낙성대,서울특별시
95,명동,30.0,2250.0,20180.0,53540.0,120942.0,94199.0,73624.0,80415.0,89207.0,89365.0,91045.0,104187.0,112923.0,133793.0,168675.0,97310.0,79532.0,68804.0,50520.0,19754.0,2801.0,97.0,1.0,0.0,1553193.0,4호선,명동,서울특별시
192,여의도,16.0,5246.0,29519.0,145188.0,207947.0,89768.0,47971.0,53767.0,53456.0,61479.0,61072.0,67496.0,83627.0,174664.0,199662.0,89277.0,69430.0,57356.0,36983.0,14806.0,3189.0,112.0,8.0,0.0,1552038.0,5호선9호선,여의도여의도,서울특별시
103,미아사거리,66.0,17735.0,45217.0,110845.0,127489.0,91764.0,71082.0,69569.0,73840.0,75496.0,77662.0,88623.0,102400.0,112326.0,143428.0,110416.0,77231.0,61711.0,52476.0,28766.0,4992.0,19.0,0.0,0.0,1543154.0,4호선,미아사거리,서울특별시
266,회기,862.0,16406.0,34617.0,85859.0,132547.0,91079.0,75365.0,73571.0,80145.0,82573.0,79249.0,87204.0,100269.0,120682.0,133744.0,92147.0,66289.0,68098.0,70613.0,41551.0,5871.0,20.0,0.0,0.0,1538762.0,1호선,회기,서울특별시
163,신도림,2147.0,20784.0,39232.0,95533.0,139034.0,84307.0,65843.0,64415.0,69618.0,73075.0,71199.0,78314.0,89911.0,115861.0,161895.0,104664.0,71256.0,71087.0,62015.0,38902.0,12430.0,1214.0,16.0,11.0,1532763.0,1호선2호선,신도림신도림,서울특별시
13,건대입구,212.0,11624.0,25517.0,54002.0,105061.0,79726.0,60114.0,61174.0,69548.0,76678.0,77865.0,85165.0,99387.0,125962.0,160153.0,113450.0,87043.0,85078.0,81388.0,48433.0,11244.0,505.0,13.0,1.0,1519345.0,2호선7호선,건대입구건대입구,서울특별시
179,안국,21.0,3179.0,23841.0,92439.0,119894.0,86649.0,72998.0,84682.0,85612.0,89070.0,96307.0,102061.0,117277.0,149185.0,147621.0,66942.0,51256.0,45324.0,27661.0,10002.0,1309.0,9.0,3.0,0.0,1473342.0,3호선,안국,서울특별시
267,회현,19.0,2271.0,22817.0,57096.0,137563.0,107799.0,89679.0,96415.0,94938.0,97948.0,104415.0,106399.0,111320.0,124555.0,145010.0,63477.0,53104.0,28228.0,17691.0,7474.0,1343.0,64.0,0.0,0.0,1469625.0,4호선,회현(남대문시장),서울특별시
161,신대방,179.0,26265.0,44088.0,105017.0,158781.0,100453.0,63134.0,55489.0,58502.0,59728.0,58521.0,67383.0,77128.0,95113.0,126896.0,103094.0,70895.0,70790.0,65019.0,37061.0,8801.0,209.0,6.0,0.0,1452552.0,2호선,신대방,서울특별시
14,경복궁,78.0,4185.0,20143.0,53963.0,145692.0,106548.0,80145.0,80701.0,82555.0,88946.0,92124.0,96181.0,104493.0,120712.0,147674.0,70437.0,53022.0,50971.0,36237.0,15371.0,2284.0,42.0,36.0,0.0,1452538.0,3호선,경복궁(정부서울청사),서울특별시
259,합정,59.0,9040.0,22536.0,52601.0,106735.0,83594.0,54651.0,56584.0,62580.0,69946.0,68623.0,72707.0,85064.0,111245.0,161594.0,106837.0,73311.0,74155.0,67825.0,39678.0,8434.0,123.0,8.0,0.0,1387930.0,2호선6호선,합정합정,서울특별시
234,종로5가,41.0,5475.0,18049.0,46235.0,105166.0,74581.0,76118.0,91263.0,99037.0,102508.0,106169.0,103707.0,103580.0,118388.0,128299.0,67387.0,43982.0,39100.0,25737.0,9609.0,1085.0,8.0,0.0,0.0,1365523.0,1호선,종로5가,서울특별시
154,시청,92.0,4697.0,23111.0,71090.0,207101.0,97106.0,49440.0,54310.0,54188.0,60051.0,61950.0,68262.0,74622.0,114950.0,184874.0,69907.0,54550.0,51217.0,34282.0,14017.0,1985.0,53.0,26.0,0.0,1351879.0,1호선2호선,시청시청,서울특별시
31,구의,54.0,14608.0,42776.0,82403.0,151862.0,92496.0,56061.0,50362.0,54140.0,56430.0,55324.0,63361.0,76802.0,92798.0,135417.0,90457.0,61346.0,58863.0,54857.0,31296.0,7944.0,140.0,8.0,1.0,1329805.0,2호선,구의(광진구청),서울특별시
115,봉천,75.0,16595.0,34768.0,92654.0,146945.0,94157.0,60140.0,54605.0,58717.0,60337.0,57846.0,65161.0,73472.0,85560.0,117561.0,92556.0,60547.0,56644.0,51634.0,29364.0,7962.0,333.0,5.0,1.0,1317637.0,2호선,봉천,서울특별시
82,뚝섬,12.0,5289.0,23607.0,55255.0,159247.0,107311.0,55344.0,48602.0,53596.0,59434.0,59952.0,67480.0,78731.0,108480.0,173611.0,89144.0,56673.0,52055.0,38651.0,18196.0,3784.0,76.0,4.0,0.0,1314534.0,2호선,뚝섬,서울특별시
26,교대,50.0,5833.0,24022.0,55150.0,125739.0,108766.0,62701.0,59555.0,58818.0,66611.0,68789.0,70174.0,75322.0,111481.0,149386.0,74802.0,55439.0,55952.0,48319.0,20453.0,3802.0,20.0,6.0,0.0,1301191.0,2호선3호선,교대(법원·검찰청)교대(법원·검찰청),서울특별시
253,학동,5.0,3609.0,30219.0,62055.0,189971.0,151097.0,65284.0,41449.0,40156.0,46848.0,47876.0,52081.0,61914.0,99145.0,179956.0,89066.0,46343.0,41641.0,30680.0,13294.0,2595.0,3.0,0.0,0.0,1295287.0,7호선,학동,서울특별시
226,잠실새내,44.0,6021.0,25578.0,70622.0,104674.0,78989.0,57220.0,57339.0,62840.0,66449.0,65830.0,74377.0,82947.0,100918.0,127565.0,89597.0,63079.0,58551.0,57122.0,31795.0,6797.0,129.0,9.0,0.0,1288493.0,2호선,잠실새내,서울특별시
202,오목교,3.0,6817.0,23901.0,77817.0,123749.0,83172.0,54753.0,54801.0,58753.0,62317.0,62239.0,66722.0,80227.0,101837.0,142350.0,84274.0,64250.0,53856.0,46785.0,20639.0,4349.0,12.0,6.0,0.0,1273629.0,5호선,오목교(목동운동장앞),서울특별시
10,개봉,1455.0,22892.0,48444.0,107232.0,110636.0,73023.0,54089.0,52737.0,57819.0,55137.0,54809.0,60760.0,74126.0,90503.0,116943.0,85389.0,55322.0,50310.0,41493.0,22382.0,1365.0,0.0,0.0,0.0,1236868.0,1호선,개봉,서울특별시
40,길음,19.0,12257.0,40339.0,100723.0,115489.0,73943.0,55858.0,53524.0,56257.0,58368.0,56507.0,60333.0,73536.0,88953.0,111950.0,81510.0,53157.0,48486.0,47085.0,25249.0,4916.0,22.0,0.0,0.0,1218480.0,4호선,길음,서울특별시
100,문래,8.0,6147.0,25281.0,77986.0,171359.0,88015.0,46407.0,42622.0,48107.0,50715.0,48622.0,53035.0,64328.0,95534.0,161971.0,78350.0,47638.0,46404.0,39115.0,21424.0,4800.0,96.0,8.0,0.0,1217970.0,2호선,문래,서울특별시
33,구파발,105.0,12082.0,41446.0,108149.0,107449.0,72196.0,59361.0,54582.0,57628.0,57868.0,59158.0,62676.0,74145.0,81583.0,104393.0,81279.0,50909.0,45551.0,39083.0,24095.0,8050.0,269.0,6.0,6.0,1202070.0,3호선,구파발,서울특별시
2,가양,91.0,17081.0,35524.0,102709.0,128744.0,73369.0,51284.0,49902.0,53567.0,54072.0,52379.0,57300.0,69043.0,85334.0,118583.0,82287.0,52147.0,48313.0,40264.0,23140.0,6203.0,152.0,0.0,0.0,1201487.0,9호선,가양,서울특별시
105,발산,4.0,5739.0,23228.0,64729.0,140676.0,76414.0,48387.0,50927.0,53505.0,57505.0,58552.0,64415.0,73467.0,101634.0,138647.0,75747.0,51848.0,47756.0,40470.0,19462.0,4077.0,14.0,5.0,0.0,1197208.0,5호선,발산,서울특별시
137,서초,22.0,6627.0,29829.0,67192.0,140171.0,119473.0,63010.0,61103.0,50480.0,60696.0,59005.0,62128.0,69769.0,96186.0,122770.0,61944.0,41031.0,40454.0,29830.0,12435.0,2257.0,14.0,1.0,0.0,1196427.0,2호선,서초,서울특별시
52,노원,154.0,10985.0,26635.0,59922.0,85097.0,67613.0,54721.0,55831.0,62279.0,65576.0,65523.0,70560.0,79021.0,90309.0,111154.0,85701.0,59004.0,50300.0,45136.0,25142.0,6366.0,291.0,1.0,0.0,1177322.0,4호선7호선,노원노원,서울특별시
248,총신대입구,103.0,7071.0,25549.0,65109.0,101296.0,68579.0,53593.0,53007.0,57087.0,60397.0,59789.0,65735.0,74424.0,90284.0,119210.0,73691.0,51844.0,45430.0,39793.0,21231.0,3400.0,437.0,0.0,0.0,1137060.0,4호선7호선,총신대입구(이수)총신대입구(이수),서울특별시
101,문정,5.0,5382.0,19976.0,73873.0,198599.0,94857.0,42467.0,35121.0,35974.0,41198.0,42475.0,45029.0,52181.0,102261.0,157041.0,65929.0,42021.0,37165.0,29417.0,13297.0,2560.0,7.0,0.0,0.0,1136835.0,8호선,문정,서울특별시
246,청담,42.0,6432.0,33614.0,70800.0,164752.0,110844.0,49000.0,39217.0,41142.0,43222.0,43898.0,49620.0,60134.0,86931.0,134621.0,68704.0,41189.0,37760.0,29324.0,10158.0,3320.0,7.0,0.0,0.0,1124731.0,7호선,청담,서울특별시
174,신촌,40.0,5414.0,15545.0,38317.0,71316.0,68637.0,52934.0,53333.0,61518.0,67656.0,63327.0,66242.0,75734.0,94403.0,108498.0,72975.0,57134.0,57169.0,54867.0,30728.0,5944.0,78.0,13.0,0.0,1121823.0,2호선,신촌,서울특별시
114,봉은사,3.0,3295.0,18417.0,46135.0,117477.0,86923.0,51695.0,51373.0,55267.0,60624.0,62188.0,64513.0,73587.0,100949.0,128301.0,66685.0,45829.0,41644.0,29028.0,9550.0,1604.0,9.0,0.0,0.0,1115096.0,9호선,봉은사,서울특별시
59,당산,52.0,9809.0,26855.0,70907.0,119075.0,65722.0,43499.0,42823.0,46030.0,47211.0,45840.0,50044.0,59469.0,86053.0,124754.0,76670.0,53404.0,52443.0,48341.0,28810.0,6109.0,202.0,7.0,0.0,1104130.0,2호선9호선,당산당산,서울특별시
247,청량리,1069.0,11201.0,28499.0,49261.0,75787.0,60007.0,66291.0,67135.0,71588.0,78567.0,76569.0,83320.0,84946.0,80200.0,91127.0,56726.0,42151.0,37053.0,24074.0,12923.0,3350.0,19.0,0.0,0.0,1101864.0,1호선,청량리(서울시립대입구),서울특별시
125,상계,46.0,14273.0,43975.0,102579.0,93524.0,60583.0,46920.0,44914.0,49964.0,48220.0,46396.0,51061.0,61317.0,70497.0,87109.0,75343.0,47736.0,42922.0,41178.0,23839.0,4683.0,422.0,2.0,0.0,1057502.0,4호선,상계,서울특별시
134,서대문,10.0,4062.0,20722.0,85847.0,186401.0,65637.0,39271.0,40299.0,39685.0,42945.0,41990.0,45197.0,55429.0,91137.0,140626.0,46237.0,34844.0,33321.0,24737.0,11605.0,2143.0,35.0,4.0,0.0,1052183.0,5호선,서대문,서울특별시
27,구로,11870.0,28017.0,32513.0,69025.0,110182.0,67212.0,47489.0,43455.0,44483.0,46509.0,46364.0,52425.0,62419.0,89594.0,105144.0,56141.0,40035.0,37356.0,29681.0,19484.0,12348.0,37.0,1.0,0.0,1051783.0,1호선,구로,서울특별시
170,신용산,8.0,2494.0,16279.0,46840.0,105100.0,80148.0,45098.0,42884.0,45541.0,49622.0,48455.0,55280.0,65809.0,96038.0,134713.0,68006.0,48049.0,44688.0,32742.0,15770.0,2099.0,23.0,0.0,0.0,1045687.0,4호선,신용산,서울특별시
230,장한평,29.0,8409.0,29986.0,75388.0,138529.0,66674.0,42855.0,39307.0,41267.0,41546.0,39734.0,44465.0,56348.0,77109.0,123496.0,70333.0,41875.0,36991.0,32186.0,18394.0,4352.0,127.0,5.0,0.0,1029406.0,5호선,장한평,서울특별시
56,논현,34.0,3893.0,19490.0,50207.0,118166.0,103434.0,46584.0,34195.0,34566.0,37870.0,40272.0,43421.0,50798.0,80998.0,129948.0,71233.0,44546.0,45241.0,40663.0,22261.0,4761.0,7.0,0.0,0.0,1022588.0,7호선,논현,서울특별시
5,강동,103.0,11918.0,30789.0,82865.0,115858.0,62768.0,45521.0,43189.0,45643.0,48531.0,46729.0,51317.0,58584.0,76642.0,98115.0,61928.0,42634.0,37685.0,32507.0,19137.0,6607.0,24.0,4.0,0.0,1019099.0,5호선,강동,서울특별시
231,제기동,392.0,6993.0,16986.0,41267.0,71132.0,56187.0,63378.0,76909.0,86073.0,90000.0,88898.0,87044.0,80379.0,71275.0,66642.0,38125.0,24779.0,20180.0,15692.0,8894.0,1352.0,9.0,0.0,0.0,1012585.0,1호선,제기동,서울특별시
51,노량진,407.0,12676.0,25824.0,64911.0,98032.0,57991.0,39134.0,40034.0,46365.0,50640.0,44794.0,48586.0,57467.0,75854.0,102129.0,63058.0,49795.0,52449.0,51436.0,23903.0,3609.0,8.0,1.0,0.0,1009103.0,1호선9호선,노량진노량진,서울특별시
136,서울역,228.0,5556.0,22475.0,54109.0,97568.0,69905.0,47009.0,48237.0,54463.0,54487.0,46388.0,57283.0,63571.0,85791.0,104670.0,60957.0,42931.0,42928.0,29937.0,14817.0,2149.0,89.0,1.0,0.0,1005550.0,1호선4호선,서울역서울역,서울특별시
195,연신내,135.0,13899.0,30856.0,73817.0,89649.0,60775.0,46179.0,44937.0,49863.0,48391.0,47269.0,52613.0,62283.0,67681.0,89571.0,72779.0,45926.0,42083.0,36508.0,22383.0,5560.0,22.0,4.0,0.0,1003183.0,3호선6호선,연신내연신내,서울특별시
244,천호,66.0,10452.0,26596.0,50622.0,80333.0,56888.0,43479.0,45063.0,49141.0,52308.0,53090.0,59714.0,67788.0,83594.0,103019.0,71341.0,50114.0,41267.0,33804.0,18273.0,4828.0,123.0,2.0,0.0,1001904.0,5호선8호선,천호(풍납토성)천호(풍납토성),서울특별시
181,암사,46.0,15480.0,34029.0,89864.0,123818.0,65720.0,41316.0,38532.0,42560.0,42172.0,41035.0,45540.0,53153.0,66571.0,92881.0,72245.0,43519.0,35177.0,34614.0,18147.0,4533.0,591.0,0.0,0.0,1001543.0,8호선,암사,서울특별시
263,홍제,89.0,11234.0,30921.0,75196.0,94688.0,64633.0,50035.0,47142.0,51397.0,49727.0,49247.0,54530.0,62782.0,70741.0,89054.0,65658.0,41983.0,38008.0,31404.0,18506.0,3299.0,11.0,4.0,0.0,1000289.0,3호선,홍제,서울특별시
219,응암,19.0,12570.0,32725.0,80261.0,106482.0,58902.0,42086.0,40104.0,44002.0,43380.0,42272.0,47196.0,55292.0,67760.0,96594.0,73638.0,48335.0,39972.0,36337.0,22619.0,5891.0,11.0,0.0,0.0,996447.0,6호선,응암,서울특별시
106,방배,3.0,5259.0,20716.0,48809.0,106055.0,78724.0,50146.0,45263.0,48303.0,49874.0,51677.0,54067.0,61842.0,78230.0,104247.0,57169.0,40165.0,38535.0,35090.0,16953.0,3816.0,27.0,7.0,0.0,994976.0,2호선,방배,서울특별시
71,독산,682.0,10394.0,31057.0,92193.0,148980.0,73265.0,34598.0,30024.0,32788.0,32747.0,30240.0,35841.0,47086.0,89465.0,119229.0,69109.0,39921.0,34525.0,27173.0,13652.0,919.0,2.0,0.0,0.0,993889.0,1호선,독산,서울특별시
252,하계,19.0,9496.0,31647.0,84496.0,98051.0,60612.0,45257.0,44565.0,50050.0,49744.0,47687.0,53266.0,61040.0,67660.0,81099.0,68119.0,43018.0,38096.0,33800.0,20406.0,5467.0,9.0,0.0,0.0,993605.0,7호선,하계,서울특별시
196,염창,16.0,12668.0,33070.0,87201.0,107389.0,58670.0,39432.0,36049.0,39403.0,38231.0,36982.0,41529.0,48742.0,65696.0,96994.0,76536.0,50053.0,42775.0,39833.0,25190.0,5567.0,735.0,0.0,0.0,982761.0,9호선,염창,서울특별시
233,종로3가,89.0,3517.0,10417.0,21609.0,57183.0,55670.0,51336.0,58692.0,65061.0,66773.0,67637.0,69114.0,72894.0,82907.0,100904.0,57685.0,41411.0,42401.0,33598.0,16679.0,2449.0,41.0,7.0,1.0,978073.0,1호선3호선5호선,종로3가종로3가종로3가(탑골공원),서울특별시
97,목동,10.0,9502.0,26126.0,74414.0,100915.0,56172.0,40033.0,37157.0,40578.0,42726.0,41506.0,45417.0,55265.0,72130.0,107470.0,70325.0,44256.0,42204.0,40543.0,20065.0,5112.0,11.0,4.0,0.0,971940.0,5호선,목동,서울특별시
60,대림,376.0,24161.0,27074.0,54902.0,94048.0,63617.0,47958.0,47606.0,46917.0,47613.0,46668.0,52024.0,59502.0,72924.0,82234.0,55176.0,39597.0,41773.0,36609.0,18046.0,3797.0,105.0,3.0,0.0,962728.0,2호선7호선,대림(구로구청)대림(구로구청),서울특별시
229,장지,19.0,8437.0,29460.0,72804.0,103967.0,61443.0,40308.0,38363.0,42899.0,41828.0,43168.0,49961.0,60548.0,77735.0,98854.0,61810.0,44099.0,35258.0,28401.0,14370.0,2858.0,7.0,0.0,0.0,956597.0,8호선,장지,서울특별시
216,을지로3가,22.0,2197.0,15679.0,54380.0,133129.0,61523.0,36193.0,35735.0,35755.0,39467.0,40367.0,42757.0,50236.0,87314.0,130314.0,56818.0,38742.0,39270.0,33532.0,19482.0,3119.0,51.0,5.0,0.0,956086.0,2호선3호선,을지로3가을지로3가,서울특별시
150,수서,119.0,7491.0,25504.0,60702.0,91663.0,58396.0,49523.0,40176.0,50132.0,46466.0,40394.0,54204.0,62892.0,75692.0,93462.0,55431.0,44712.0,35260.0,34165.0,14442.0,2111.0,105.0,1.0,1.0,943042.0,3호선,수서,서울특별시
220,이대,40.0,4473.0,15650.0,39420.0,76207.0,64057.0,50472.0,43687.0,53610.0,55870.0,49206.0,55975.0,60660.0,76838.0,82878.0,54950.0,41107.0,40446.0,36336.0,21275.0,4604.0,88.0,7.0,0.0,927856.0,2호선,이대,서울특별시
118,사가정,24.0,12883.0,29627.0,66558.0,95148.0,58482.0,41347.0,38124.0,41229.0,41609.0,40613.0,46155.0,54198.0,65303.0,86634.0,69587.0,42336.0,37300.0,31851.0,18040.0,4931.0,9.0,0.0,0.0,921988.0,7호선,사가정,서울특별시
189,어린이대공원,8.0,4300.0,15716.0,35908.0,95960.0,65469.0,52983.0,48317.0,46846.0,53746.0,52343.0,51191.0,61049.0,73899.0,79945.0,49668.0,34839.0,33879.0,32667.0,20084.0,4388.0,14.0,0.0,0.0,913219.0,7호선,어린이대공원(세종대),서울특별시
73,동대문,494.0,9824.0,16291.0,32604.0,58574.0,57762.0,56582.0,60114.0,61611.0,62793.0,66240.0,66860.0,67847.0,74636.0,60773.0,42482.0,31272.0,28787.0,20566.0,12188.0,2043.0,122.0,1.0,0.0,890465.0,1호선4호선,동대문동대문,서울특별시
34,국회의사당,1.0,2646.0,11621.0,48543.0,153409.0,80112.0,34262.0,32980.0,34211.0,38520.0,38599.0,36600.0,44021.0,84626.0,119173.0,44974.0,28741.0,27164.0,18185.0,7353.0,1425.0,12.0,0.0,0.0,887177.0,9호선,국회의사당,서울특별시
91,망원,6.0,6419.0,15135.0,35815.0,69404.0,52716.0,38749.0,42111.0,47926.0,51179.0,49822.0,55034.0,59447.0,69368.0,88965.0,60755.0,40934.0,37696.0,31520.0,18136.0,3129.0,7.0,0.0,0.0,874274.0,6호선,망원,서울특별시
191,여의나루,7.0,2695.0,14145.0,44635.0,78979.0,35121.0,27742.0,29566.0,34366.0,40527.0,46867.0,54890.0,64375.0,88779.0,106169.0,59554.0,54092.0,43138.0,33149.0,12902.0,1547.0,10.0,1.0,0.0,873257.0,5호선,여의나루,서울특별시
94,면목,60.0,13748.0,29442.0,65594.0,99326.0,58650.0,39655.0,35098.0,39453.0,39112.0,36690.0,42793.0,53946.0,58638.0,73888.0,64212.0,38142.0,32661.0,29766.0,16292.0,4730.0,8.0,0.0,0.0,871904.0,7호선,면목,서울특별시
44,남구로,85.0,19165.0,23629.0,61700.0,130842.0,69244.0,34603.0,28846.0,29100.0,30313.0,28103.0,32890.0,44063.0,72136.0,102728.0,54189.0,32478.0,29413.0,22647.0,11507.0,2270.0,4.0,0.0,0.0,859954.0,7호선,남구로,서울특별시
177,아차산,12.0,10294.0,22750.0,56162.0,87441.0,52197.0,41543.0,40054.0,42966.0,44020.0,44276.0,49607.0,55895.0,63222.0,80442.0,54383.0,36157.0,32116.0,26823.0,14351.0,3428.0,10.0,1.0,0.0,858148.0,5호선,아차산(어린이대공원후문),서울특별시
57,답십리,27.0,10154.0,25599.0,67986.0,107671.0,54790.0,37082.0,34201.0,37239.0,38841.0,36392.0,40761.0,47901.0,62162.0,89246.0,53932.0,35167.0,31154.0,27053.0,14934.0,3856.0,25.0,6.0,0.0,856181.0,5호선,답십리,서울특별시
102,미아,65.0,12890.0,26893.0,61729.0,83739.0,52905.0,40223.0,41218.0,41355.0,41878.0,43046.0,47105.0,54017.0,61206.0,74131.0,55003.0,35145.0,31031.0,27041.0,15501.0,2858.0,17.0,0.0,0.0,848997.0,4호선,미아,서울특별시
162,신대방삼거리,28.0,11143.0,23875.0,61943.0,95740.0,58884.0,37553.0,34413.0,37154.0,36510.0,36349.0,39226.0,46812.0,55229.0,81970.0,58458.0,37993.0,34797.0,29634.0,18645.0,5593.0,16.0,0.0,0.0,841964.0,7호선,신대방삼거리,서울특별시
53,녹번,63.0,10539.0,29253.0,78031.0,93142.0,55635.0,37717.0,33566.0,35782.0,34454.0,33607.0,36744.0,44741.0,54268.0,80828.0,60684.0,37799.0,33369.0,29256.0,16665.0,3300.0,9.0,3.0,0.0,839453.0,3호선,녹번,서울특별시
212,우장산,1.0,7409.0,26327.0,70552.0,80501.0,46495.0,37023.0,36128.0,39845.0,40911.0,39493.0,45020.0,52952.0,57597.0,72834.0,54348.0,33591.0,30202.0,29594.0,15867.0,3613.0,10.0,2.0,0.0,820316.0,5호선,우장산,서울특별시
152,숙대입구,12.0,3556.0,14669.0,39783.0,74387.0,48838.0,39323.0,37086.0,39506.0,40273.0,40161.0,43408.0,55566.0,68347.0,88228.0,49546.0,37653.0,36544.0,32551.0,17285.0,2588.0,29.0,0.0,0.0,809341.0,4호선,숙대입구(갈월),서울특별시
256,한성대입구,60.0,7554.0,19531.0,47016.0,65524.0,50223.0,40395.0,39040.0,42805.0,44100.0,43052.0,46047.0,56801.0,62716.0,68310.0,49202.0,35904.0,32958.0,28918.0,16595.0,6373.0,1248.0,8.0,0.0,804380.0,4호선,한성대입구(삼선교),서울특별시
49,내방,5.0,3719.0,17851.0,42738.0,110566.0,67093.0,35822.0,30960.0,33048.0,36019.0,34930.0,37452.0,43515.0,62654.0,100856.0,47586.0,31373.0,29340.0,22793.0,10896.0,3607.0,160.0,0.0,0.0,802984.0,7호선,내방,서울특별시
225,잠실나루,15.0,5058.0,22346.0,59032.0,83709.0,54765.0,42932.0,40189.0,43265.0,42726.0,41920.0,44374.0,50815.0,62888.0,68908.0,43393.0,29290.0,26034.0,23657.0,12560.0,2919.0,46.0,2.0,0.0,800843.0,2호선,잠실나루,서울특별시
131,상일동,44.0,11043.0,36933.0,89152.0,72590.0,43187.0,33133.0,29306.0,33649.0,33278.0,30928.0,37727.0,41662.0,54069.0,73660.0,60573.0,34160.0,30408.0,26366.0,16143.0,6866.0,1160.0,1.0,0.0,796037.0,5호선,상일동,서울특별시
129,상왕십리,53.0,6104.0,19552.0,51878.0,97192.0,53982.0,35220.0,31938.0,35691.0,35823.0,35462.0,39286.0,45675.0,58941.0,79367.0,53053.0,34926.0,32544.0,28446.0,16073.0,4209.0,39.0,4.0,0.0,795458.0,2호선,상왕십리,서울특별시
89,마포,18.0,3590.0,15897.0,47503.0,106738.0,52758.0,31527.0,32545.0,32658.0,34328.0,32205.0,34944.0,41654.0,65072.0,103752.0,47332.0,33675.0,34505.0,27417.0,14106.0,2555.0,10.0,4.0,0.0,794793.0,5호선,마포,서울특별시
153,숭실대입구,10.0,6619.0,16431.0,45183.0,74897.0,51098.0,47392.0,38563.0,36158.0,40932.0,40520.0,40452.0,52069.0,60155.0,69801.0,49247.0,34291.0,32926.0,31412.0,19927.0,4888.0,9.0,0.0,0.0,792980.0,7호선,숭실대입구(살피재),서울특별시
236,중계,12.0,11265.0,29063.0,77419.0,89222.0,48791.0,35061.0,33399.0,37856.0,35746.0,32575.0,35991.0,43719.0,50422.0,61880.0,54776.0,32884.0,30025.0,26854.0,15627.0,4215.0,10.0,0.0,0.0,786811.0,7호선,중계,서울특별시
249,충무로,46.0,3300.0,13535.0,32107.0,91236.0,58663.0,38178.0,35226.0,35090.0,37659.0,37659.0,39336.0,45193.0,64648.0,92587.0,45732.0,32104.0,31172.0,25888.0,14676.0,2706.0,51.0,3.0,0.0,776793.0,3호선4호선,충무로충무로,서울특별시
90,마포구청,17.0,8945.0,20531.0,54081.0,90950.0,51667.0,34859.0,32189.0,35619.0,35846.0,33675.0,37688.0,42267.0,53926.0,77962.0,48710.0,33233.0,29409.0,27929.0,15934.0,3455.0,9.0,0.0,0.0,768899.0,6호선,마포구청,서울특별시
22,광나루,6.0,7155.0,24039.0,55399.0,79657.0,49419.0,38986.0,34939.0,36985.0,38404.0,37315.0,40459.0,48603.0,55821.0,72331.0,44350.0,31107.0,31167.0,26330.0,13057.0,2700.0,26.0,3.0,0.0,768258.0,5호선,광나루(장신대),서울특별시
4,강남구청,26.0,2776.0,13163.0,31267.0,91180.0,82611.0,39140.0,29815.0,29646.0,33182.0,33043.0,35478.0,40109.0,56268.0,90831.0,52117.0,31649.0,29124.0,22647.0,10259.0,2032.0,2.0,0.0,0.0,756365.0,7호선,강남구청,서울특별시
241,창동,1014.0,9566.0,25997.0,52238.0,58303.0,40734.0,34806.0,33771.0,37499.0,39405.0,39709.0,43234.0,49331.0,55598.0,68675.0,51930.0,33595.0,29841.0,26196.0,15255.0,4292.0,49.0,0.0,0.0,751039.0,1호선4호선,창동창동,서울특별시
222,이태원,103.0,11945.0,16143.0,21104.0,40957.0,34251.0,27150.0,27692.0,31832.0,34429.0,36185.0,40637.0,49930.0,60002.0,72967.0,58100.0,46155.0,45449.0,43415.0,31479.0,6999.0,29.0,0.0,0.0,736954.0,6호선,이태원,서울특별시
149,수락산,53.0,10275.0,26343.0,56470.0,66243.0,46328.0,37446.0,34316.0,36568.0,35429.0,35282.0,38519.0,43476.0,48730.0,60626.0,54792.0,33297.0,27238.0,23456.0,14476.0,4590.0,13.0,1.0,0.0,733968.0,7호선,수락산,서울특별시
35,군자,40.0,8726.0,19134.0,43417.0,79233.0,47712.0,29446.0,27422.0,29960.0,31616.0,30954.0,34136.0,40817.0,53986.0,78148.0,52109.0,34996.0,32976.0,29185.0,17236.0,5410.0,477.0,9.0,0.0,727143.0,5호선7호선,군자(능동)군자(능동),서울특별시
180,안암,17.0,3566.0,11389.0,26104.0,58372.0,46106.0,48047.0,37181.0,36528.0,43907.0,36540.0,44622.0,51765.0,62474.0,61070.0,37578.0,28838.0,30108.0,31441.0,20741.0,5277.0,117.0,0.0,0.0,721790.0,6호선,안암(고대병원앞),서울특별시
198,영등포구청,21.0,5207.0,15539.0,44025.0,101999.0,49027.0,29005.0,28139.0,29615.0,31476.0,31449.0,32944.0,38619.0,53194.0,93824.0,42198.0,28204.0,26514.0,21863.0,12334.0,3047.0,80.0,7.0,0.0,718330.0,2호선5호선,영등포구청영등포구청,서울특별시
86,마들,19.0,11333.0,28750.0,71498.0,74139.0,41533.0,31567.0,30596.0,33136.0,31813.0,31169.0,34617.0,38587.0,42640.0,57719.0,54270.0,31437.0,26286.0,24528.0,15276.0,4283.0,8.0,0.0,0.0,715204.0,7호선,마들,서울특별시
206,왕십리,609.0,5917.0,12291.0,29757.0,54946.0,36533.0,27731.0,28912.0,33076.0,35519.0,35699.0,39411.0,46954.0,58141.0,75173.0,50128.0,37208.0,36928.0,35488.0,20039.0,5165.0,115.0,10.0,2.0,705750.0,2호선5호선,왕십리왕십리,서울특별시
145,성신여대입구,16.0,4369.0,14124.0,35063.0,52965.0,37191.0,30742.0,34372.0,36157.0,37803.0,39119.0,40470.0,46615.0,56422.0,68298.0,48204.0,35301.0,35163.0,31532.0,17487.0,3612.0,13.0,0.0,0.0,705038.0,4호선,성신여대입구(돈암),서울특별시
172,신정,76.0,13079.0,27218.0,72694.0,91551.0,45937.0,28318.0,26022.0,27657.0,27377.0,25728.0,29684.0,36220.0,43684.0,63764.0,44394.0,28679.0,27246.0,25264.0,14817.0,3719.0,12.0,2.0,0.0,703142.0,5호선,신정(은행정),서울특별시
132,새절,26.0,11426.0,24501.0,60736.0,76541.0,44008.0,29662.0,28408.0,31160.0,31942.0,29155.0,34163.0,40638.0,47067.0,62718.0,49319.0,29937.0,26728.0,23781.0,14980.0,4733.0,18.0,1.0,0.0,701646.0,6호선,새절(신사),서울특별시
20,공릉,24.0,7186.0,18735.0,47687.0,65569.0,41455.0,30850.0,29108.0,33390.0,34303.0,32737.0,36747.0,44122.0,49421.0,63705.0,49332.0,31047.0,28484.0,26536.0,16653.0,4555.0,9.0,0.0,0.0,691654.0,7호선,공릉(서울과학기술대),서울특별시
214,월곡,20.0,7436.0,17270.0,47480.0,73697.0,43014.0,32582.0,30310.0,30581.0,32299.0,31917.0,33890.0,42442.0,47789.0,67047.0,45276.0,28486.0,26348.0,21855.0,13724.0,3449.0,10.0,0.0,0.0,676924.0,6호선,월곡(동덕여대),서울특별시
63,대치,16.0,3504.0,20241.0,42963.0,54606.0,35924.0,28129.0,27138.0,32521.0,36880.0,33768.0,37666.0,46071.0,60353.0,58202.0,40649.0,26050.0,29136.0,42472.0,9845.0,1903.0,8.0,1.0,1.0,668048.0,3호선,대치,서울특별시
37,금천구청,648.0,13331.0,23926.0,61456.0,72193.0,37814.0,28371.0,26635.0,28961.0,29719.0,27041.0,32476.0,36619.0,47192.0,71048.0,45256.0,26797.0,25096.0,19583.0,11119.0,813.0,2.0,0.0,0.0,666094.0,1호선,금천구청,서울특별시
92,매봉,8.0,2233.0,15754.0,39469.0,93281.0,48814.0,28066.0,26485.0,25749.0,26903.0,28212.0,31245.0,35500.0,57258.0,86317.0,36956.0,24968.0,24937.0,18711.0,7860.0,1559.0,45.0,1.0,0.0,660332.0,3호선,매봉,서울특별시
126,상도,7.0,6857.0,17507.0,41916.0,66954.0,43767.0,33919.0,29520.0,31474.0,31607.0,31707.0,33374.0,39503.0,46749.0,63131.0,40525.0,29283.0,27047.0,24899.0,16097.0,3887.0,9.0,0.0,0.0,659739.0,7호선,상도,서울특별시
160,신당,58.0,6981.0,15600.0,32625.0,62964.0,40634.0,29562.0,29548.0,32720.0,33655.0,32324.0,34558.0,42067.0,50103.0,64163.0,44602.0,30479.0,28915.0,27987.0,16224.0,3716.0,39.0,3.0,0.0,659527.0,2호선6호선,신당신당,서울특별시
201,오류동,585.0,14145.0,24213.0,56450.0,61441.0,39582.0,30109.0,28623.0,32707.0,31265.0,29942.0,32846.0,37667.0,43918.0,56988.0,45482.0,28913.0,26142.0,22360.0,13556.0,855.0,1.0,0.0,0.0,657791.0,1호선,오류동,서울특별시
258,한양대,9.0,1486.0,8329.0,17074.0,62318.0,57205.0,48143.0,28253.0,44813.0,40930.0,38664.0,38846.0,46226.0,59896.0,54062.0,26833.0,20998.0,21867.0,17512.0,11726.0,2421.0,20.0,4.0,0.0,647634.0,2호선,한양대,서울특별시
127,상봉,505.0,9622.0,19294.0,46132.0,66717.0,38335.0,26149.0,25592.0,28984.0,28826.0,28094.0,30504.0,36276.0,44502.0,62968.0,50951.0,31765.0,27203.0,24916.0,14558.0,4651.0,30.0,0.0,0.0,646575.0,7호선,상봉(시외버스터미널),서울특별시
74,동대문역사문화공원,180.0,4586.0,10931.0,24277.0,55412.0,35250.0,29413.0,31424.0,32767.0,34616.0,37742.0,40027.0,43647.0,54154.0,65998.0,42835.0,30519.0,28600.0,22268.0,12486.0,2901.0,71.0,6.0,0.0,640111.0,2호선4호선5호선,동대문역사문화공원동대문역사문화공원동대문역사문화공원,서울특별시
175,신풍,134.0,14307.0,21906.0,51981.0,70129.0,42466.0,28576.0,26454.0,27985.0,28093.0,26851.0,30150.0,37041.0,45611.0,59601.0,41043.0,26481.0,24002.0,21577.0,11460.0,3393.0,380.0,1.0,0.0,639622.0,7호선,신풍,서울특별시
80,등촌,11.0,6435.0,18756.0,52024.0,74131.0,36556.0,27386.0,27227.0,29026.0,29071.0,28358.0,31620.0,35655.0,42513.0,61316.0,45629.0,28036.0,22197.0,20098.0,12805.0,3006.0,11.0,0.0,0.0,631867.0,9호선,등촌,서울특별시
243,천왕,13.0,8850.0,23026.0,61241.0,74445.0,40507.0,25127.0,22948.0,25679.0,25376.0,24333.0,27626.0,34141.0,41697.0,60587.0,45463.0,27014.0,22639.0,19192.0,11765.0,2991.0,133.0,0.0,0.0,624792.0,7호선,천왕,서울특별시
46,남성,17.0,7020.0,17499.0,44931.0,71285.0,45416.0,29996.0,27697.0,28463.0,29325.0,27741.0,30617.0,34916.0,41213.0,56600.0,40163.0,27191.0,25067.0,21645.0,12632.0,3324.0,9.0,0.0,0.0,622767.0,7호선,남성,서울특별시
117,불광,29.0,6285.0,15428.0,38212.0,55850.0,39646.0,30909.0,30162.0,32545.0,34650.0,34415.0,37366.0,40938.0,44828.0,56839.0,40307.0,26107.0,22750.0,18618.0,10628.0,2514.0,8.0,2.0,0.0,619038.0,3호선6호선,불광불광,서울특별시
128,상수,64.0,5710.0,9303.0,16618.0,38699.0,37996.0,26399.0,26035.0,31254.0,34905.0,32766.0,33722.0,40622.0,50720.0,64033.0,44008.0,32975.0,32943.0,32080.0,22936.0,4706.0,12.0,0.0,0.0,618506.0,6호선,상수,서울특별시
199,영등포시장,3.0,3518.0,11108.0,35671.0,70334.0,37488.0,26710.0,26695.0,31907.0,36013.0,32442.0,33577.0,38758.0,47884.0,70693.0,35787.0,23701.0,22351.0,18753.0,10478.0,2021.0,8.0,5.0,0.0,615903.0,5호선,영등포시장,서울특별시
85,마곡나루,8.0,4353.0,17602.0,45394.0,81797.0,36727.0,20384.0,18734.0,20413.0,21806.0,21412.0,24141.0,32005.0,62205.0,74258.0,40597.0,26621.0,24439.0,22219.0,11715.0,3684.0,66.0,1.0,0.0,610580.0,9호선,마곡나루,서울특별시
138,석계,1188.0,9144.0,19964.0,43335.0,53138.0,33245.0,26946.0,27008.0,28032.0,28867.0,27866.0,31660.0,38034.0,44061.0,58154.0,44589.0,28112.0,25700.0,22607.0,14345.0,3419.0,11.0,0.0,0.0,609425.0,1호선6호선,석계석계,서울특별시
238,중화,30.0,9643.0,20056.0,45131.0,68937.0,37455.0,26034.0,24940.0,27317.0,26511.0,25809.0,28958.0,35073.0,41842.0,55852.0,44167.0,26935.0,24024.0,21334.0,12279.0,3363.0,72.0,0.0,0.0,605762.0,7호선,중화,서울특별시
265,화랑대,23.0,7104.0,24198.0,67259.0,71148.0,38171.0,26335.0,24875.0,24964.0,26967.0,23758.0,27357.0,32768.0,40245.0,50004.0,39736.0,23585.0,21396.0,18760.0,12034.0,3630.0,34.0,0.0,0.0,604351.0,6호선,화랑대(서울여대입구),서울특별시
173,신정네거리,54.0,9236.0,21121.0,54642.0,57393.0,33759.0,24986.0,24422.0,26441.0,26573.0,25156.0,28789.0,34432.0,42622.0,59020.0,43730.0,25728.0,23654.0,20751.0,13108.0,3226.0,192.0,0.0,0.0,599039.0,2호선,신정네거리,서울특별시
75,동대입구,20.0,2821.0,11964.0,21535.0,60747.0,43430.0,34258.0,32641.0,29498.0,33193.0,34309.0,32818.0,38998.0,50306.0,65698.0,29911.0,23507.0,25624.0,19350.0,7109.0,1146.0,55.0,1.0,1.0,598941.0,3호선,동대입구,서울특별시
190,언주,1.0,2574.0,12562.0,28019.0,74030.0,55594.0,32489.0,23605.0,24101.0,27214.0,26475.0,29094.0,34915.0,53377.0,71627.0,37757.0,22417.0,19432.0,14647.0,7127.0,1628.0,48.0,0.0,0.0,598733.0,9호선,언주,서울특별시
178,아현,35.0,5634.0,16917.0,40155.0,61792.0,36809.0,28308.0,26369.0,29476.0,29811.0,29145.0,32404.0,39923.0,43791.0,53164.0,36720.0,25468.0,23307.0,20108.0,11439.0,2742.0,36.0,3.0,0.0,593557.0,2호선,아현,서울특별시
237,중곡,3.0,6774.0,17342.0,46227.0,73948.0,41440.0,26153.0,23523.0,25660.0,25572.0,24685.0,28519.0,35185.0,42536.0,55157.0,40112.0,24890.0,22282.0,19158.0,10090.0,2803.0,6.0,0.0,0.0,592065.0,7호선,중곡,서울특별시
255,한강진,61.0,1730.0,9547.0,23428.0,45484.0,33198.0,23302.0,24994.0,26788.0,33449.0,30889.0,37056.0,47259.0,56685.0,65449.0,38176.0,26319.0,26863.0,28367.0,6950.0,2097.0,150.0,5.0,0.0,588247.0,6호선,한강진,서울특별시
6,강동구청,15.0,5969.0,16858.0,45047.0,74431.0,37972.0,25702.0,23962.0,25002.0,26674.0,26123.0,28578.0,33403.0,42078.0,62379.0,36052.0,23793.0,22341.0,18296.0,9414.0,2634.0,4.0,0.0,0.0,586726.0,8호선,강동구청,서울특별시
84,마곡,3.0,5027.0,15698.0,39145.0,74110.0,44800.0,24890.0,22179.0,23382.0,25296.0,25243.0,28105.0,35299.0,47905.0,66991.0,37655.0,23064.0,20160.0,17145.0,8111.0,2454.0,7.0,2.0,0.0,586669.0,5호선,마곡,서울특별시
93,먹골,9.0,8474.0,16577.0,41100.0,60850.0,35403.0,25616.0,25148.0,27312.0,26957.0,25699.0,28995.0,34126.0,40273.0,52863.0,43447.0,27105.0,23688.0,20696.0,11925.0,3183.0,134.0,0.0,0.0,579580.0,7호선,먹골,서울특별시
223,일원,7.0,3751.0,19360.0,54469.0,48795.0,36185.0,33575.0,30227.0,32364.0,31771.0,32082.0,35580.0,42442.0,51025.0,38604.0,27378.0,17578.0,15348.0,15048.0,6621.0,1391.0,21.0,1.0,0.0,573621.0,3호선,일원,서울특별시
81,디지털미디어시티,88.0,4880.0,15309.0,46781.0,84293.0,40341.0,20316.0,17928.0,19127.0,19784.0,18732.0,20941.0,27271.0,46373.0,75107.0,39354.0,23129.0,20340.0,18677.0,10029.0,2758.0,6.0,1.0,0.0,571565.0,6호선,디지털미디어시티,서울특별시
240,증산,27.0,8446.0,19218.0,44888.0,58655.0,35467.0,24858.0,23573.0,25056.0,25475.0,24829.0,27562.0,32823.0,38860.0,54922.0,40885.0,25348.0,24000.0,20675.0,12284.0,3472.0,7.0,0.0,0.0,571329.0,6호선,증산(명지대앞),서울특별시
83,뚝섬유원지,14.0,5719.0,13642.0,28133.0,43708.0,30845.0,20570.0,20037.0,22844.0,25997.0,27914.0,32576.0,38510.0,45546.0,56358.0,43525.0,35162.0,33618.0,27668.0,13476.0,2587.0,10.0,0.0,0.0,568459.0,7호선,뚝섬유원지,서울특별시
108,방학,795.0,13531.0,20592.0,43410.0,51569.0,32183.0,28104.0,26507.0,30200.0,27969.0,28499.0,31607.0,36076.0,40598.0,47543.0,37489.0,22429.0,19129.0,16114.0,8981.0,2833.0,1.0,0.0,0.0,566157.0,1호선,방학,서울특별시
47,남영,101.0,3736.0,11680.0,34188.0,70816.0,39798.0,24751.0,22551.0,23756.0,24009.0,23701.0,27917.0,34298.0,45162.0,65922.0,32512.0,24209.0,23434.0,20190.0,10585.0,704.0,1.0,0.0,0.0,564022.0,1호선,남영,서울특별시
12,거여,2.0,7017.0,20190.0,56942.0,60727.0,32915.0,23016.0,21422.0,22649.0,24847.0,22585.0,25216.0,34770.0,38626.0,52087.0,40420.0,22640.0,20122.0,19807.0,10180.0,2995.0,9.0,1.0,0.0,559188.0,5호선,거여,서울특별시
62,대청,69.0,4775.0,17371.0,44183.0,61220.0,32218.0,24243.0,22160.0,23649.0,25188.0,24751.0,29639.0,36651.0,43594.0,53754.0,34313.0,23314.0,20694.0,20195.0,9966.0,2197.0,10.0,1.0,1.0,554156.0,3호선,대청,서울특별시
16,고덕,6.0,5845.0,17524.0,45211.0,43183.0,30190.0,27095.0,26623.0,27887.0,30813.0,28730.0,32714.0,39165.0,39829.0,46320.0,35368.0,20941.0,20410.0,19561.0,8719.0,3116.0,148.0,0.0,0.0,549400.0,5호선,고덕,서울특별시
217,을지로4가,6.0,1656.0,11409.0,28951.0,66262.0,35486.0,25777.0,28066.0,28043.0,29306.0,30113.0,30795.0,34173.0,51933.0,64120.0,28709.0,17638.0,15415.0,11594.0,6267.0,1372.0,24.0,3.0,0.0,547118.0,2호선5호선,을지로4가을지로4가,서울특별시
19,공덕,51.0,3025.0,9781.0,32737.0,70562.0,37101.0,21255.0,21286.0,22131.0,23012.0,22300.0,24211.0,29184.0,46080.0,70865.0,33389.0,23388.0,23375.0,19705.0,10672.0,2453.0,32.0,2.0,0.0,546597.0,5호선6호선,공덕공덕,서울특별시
187,양천향교,10.0,5573.0,17508.0,42034.0,72014.0,32345.0,20943.0,19995.0,22640.0,22187.0,22447.0,23885.0,28331.0,40094.0,60027.0,37353.0,23920.0,20678.0,18903.0,11858.0,3275.0,10.0,0.0,0.0,546029.0,9호선,양천향교,서울특별시
36,굽은다리,2.0,7671.0,16799.0,41981.0,52024.0,32231.0,24767.0,24674.0,25997.0,26835.0,25878.0,27033.0,32784.0,36433.0,49886.0,36222.0,23699.0,21361.0,19894.0,9546.0,3136.0,9.0,0.0,0.0,538863.0,5호선,굽은다리(강동구민회관앞),서울특별시
76,동묘앞,170.0,4680.0,8595.0,16536.0,34290.0,28420.0,28493.0,35798.0,41897.0,47126.0,47558.0,47203.0,45217.0,41153.0,35695.0,21024.0,14366.0,13155.0,11893.0,7908.0,2031.0,175.0,2.0,0.0,533385.0,1호선6호선,동묘앞동묘앞,서울특별시
72,돌곶이,14.0,7430.0,17631.0,44473.0,59389.0,34605.0,25183.0,21481.0,24232.0,24959.0,24444.0,26101.0,29503.0,36108.0,46706.0,37183.0,22165.0,19293.0,18225.0,10468.0,2952.0,9.0,0.0,0.0,532555.0,6호선,돌곶이,서울특별시
269,흑석,17.0,4611.0,12145.0,28534.0,45726.0,30205.0,27650.0,25079.0,28300.0,28691.0,27970.0,30720.0,36648.0,44230.0,49247.0,29739.0,23234.0,21063.0,20140.0,11954.0,2588.0,25.0,0.0,0.0,528516.0,9호선,흑석,서울특별시
207,외대앞,547.0,8003.0,14293.0,23518.0,44599.0,25425.0,26647.0,26375.0,28096.0,26632.0,29528.0,29757.0,36227.0,41269.0,41769.0,30539.0,22146.0,22083.0,21122.0,14151.0,2362.0,7.0,0.0,0.0,515096.0,1호선,외대앞,서울특별시
228,장승배기,11.0,7301.0,15953.0,33905.0,55714.0,35535.0,25373.0,23883.0,24618.0,25358.0,24141.0,26467.0,30692.0,34408.0,47180.0,31113.0,21354.0,19702.0,17230.0,10160.0,2974.0,7.0,0.0,0.0,513078.0,7호선,장승배기,서울특별시
64,대흥,16.0,3338.0,9269.0,29692.0,55141.0,32586.0,26538.0,22814.0,26620.0,29608.0,24841.0,27545.0,33087.0,41114.0,49032.0,29056.0,20258.0,19805.0,19806.0,10488.0,2211.0,11.0,0.0,0.0,512875.0,6호선,대흥(서강대앞),서울특별시
96,명일,8.0,6329.0,17598.0,42228.0,45339.0,28506.0,25346.0,23300.0,23629.0,24937.0,23657.0,25961.0,32726.0,32468.0,49123.0,36754.0,21436.0,19192.0,17948.0,9705.0,3021.0,16.0,0.0,0.0,509227.0,5호선,명일,서울특별시
58,당고개,57.0,8282.0,19974.0,45231.0,46372.0,32345.0,25784.0,23970.0,24677.0,24742.0,24446.0,25731.0,29225.0,32379.0,38069.0,32742.0,21721.0,18999.0,16733.0,11250.0,3106.0,288.0,1.0,0.0,506121.0,4호선,당고개,서울특별시
235,종합운동장,11.0,1973.0,10304.0,23843.0,35801.0,24329.0,18349.0,17364.0,21939.0,25480.0,23417.0,28328.0,38367.0,49950.0,52549.0,28605.0,23781.0,35170.0,34191.0,10117.0,1607.0,60.0,1.0,0.0,505533.0,2호선9호선,종합운동장종합운동장,서울특별시
25,광흥창,5.0,4229.0,12345.0,34828.0,61484.0,35738.0,23555.0,22148.0,24289.0,22872.0,22183.0,24862.0,27424.0,36861.0,54091.0,30871.0,19787.0,17977.0,15757.0,8468.0,1975.0,6.0,0.0,0.0,501757.0,6호선,광흥창(서강),서울특별시
147,송파,4.0,3678.0,14283.0,37889.0,52217.0,30752.0,23313.0,21883.0,23766.0,24628.0,23867.0,27561.0,32025.0,36026.0,46431.0,32577.0,19877.0,17945.0,15854.0,8377.0,2056.0,167.0,0.0,0.0,495178.0,8호선,송파,서울특별시
68,도봉산,152.0,6772.0,17454.0,41902.0,42367.0,32288.0,28728.0,25780.0,27379.0,26705.0,27082.0,29313.0,31733.0,31371.0,35069.0,30642.0,18540.0,15241.0,13493.0,8419.0,3006.0,76.0,1.0,0.0,493515.0,1호선7호선,도봉산도봉산,서울특별시
17,고려대,26.0,4512.0,12070.0,32695.0,56157.0,29815.0,23116.0,20627.0,21315.0,25978.0,20935.0,24861.0,32510.0,37396.0,47037.0,29209.0,20009.0,20974.0,19400.0,11827.0,2828.0,56.0,0.0,0.0,493352.0,6호선,고려대(종암),서울특별시
143,선정릉,6.0,2075.0,9067.0,22297.0,66009.0,51336.0,24732.0,19370.0,19315.0,20510.0,20823.0,20828.0,24872.0,39621.0,61927.0,34052.0,18649.0,16549.0,13686.0,6082.0,1221.0,3.0,0.0,0.0,493028.0,9호선,선정릉(한국과학창의재단),서울특별시
139,석촌,2.0,3435.0,10497.0,26687.0,43955.0,32779.0,22510.0,22136.0,23996.0,25006.0,24227.0,25351.0,30017.0,37350.0,47592.0,32962.0,22779.0,21869.0,19501.0,10050.0,2552.0,23.0,0.0,0.0,485278.0,8호선9호선,석촌석촌,서울특별시
78,둔촌동,2.0,4740.0,17318.0,34214.0,46556.0,27363.0,21800.0,21185.0,22605.0,24301.0,23292.0,26555.0,32360.0,39336.0,50045.0,31967.0,18506.0,17938.0,14828.0,7865.0,1582.0,5.0,1.0,0.0,484365.0,5호선,둔촌동,서울특별시
116,봉화산,23.0,6001.0,17825.0,53752.0,52544.0,27281.0,20735.0,18701.0,20579.0,20886.0,19647.0,21672.0,25142.0,32398.0,41957.0,35293.0,20946.0,17879.0,17032.0,10051.0,3083.0,176.0,0.0,0.0,483603.0,6호선,봉화산(서울의료원),서울특별시
0,가락시장,66.0,4329.0,12595.0,27960.0,50846.0,29057.0,23224.0,23101.0,23328.0,23851.0,24533.0,27018.0,29642.0,37604.0,50559.0,28088.0,20468.0,18859.0,15269.0,7846.0,2476.0,235.0,1.0,0.0,480957.0,3호선8호선,가락시장가락시장,서울특별시
184,약수,59.0,4647.0,10460.0,25558.0,47492.0,31347.0,21999.0,21231.0,22719.0,23438.0,23317.0,25337.0,29503.0,35528.0,48424.0,28950.0,20405.0,19832.0,16972.0,8989.0,2449.0,187.0,1.0,2.0,468845.0,3호선6호선,약수약수,서울특별시
23,광운대,2142.0,7230.0,15303.0,35912.0,44036.0,25640.0,21936.0,24626.0,22543.0,24097.0,24496.0,24455.0,29466.0,32206.0,38210.0,27416.0,19282.0,17804.0,14880.0,11894.0,4649.0,25.0,0.0,0.0,468247.0,1호선,광운대,서울특별시
204,온수,176.0,7533.0,16550.0,44160.0,52639.0,29620.0,19190.0,18272.0,20614.0,19985.0,19106.0,21538.0,28557.0,32939.0,42648.0,30600.0,19081.0,17317.0,14755.0,9276.0,2934.0,450.0,0.0,0.0,467940.0,1호선7호선,온수온수(성공회대입구),서울특별시
39,길동,8.0,5352.0,12939.0,29415.0,44069.0,28521.0,22316.0,22701.0,24765.0,24769.0,24694.0,26497.0,31631.0,34792.0,43458.0,29299.0,19066.0,16438.0,14298.0,7393.0,2694.0,6.0,0.0,0.0,465120.0,5호선,길동,서울특별시
171,신이문,1396.0,10625.0,17903.0,39700.0,47365.0,26616.0,21326.0,20338.0,21680.0,22034.0,20695.0,24134.0,28016.0,31391.0,40130.0,30075.0,19397.0,16391.0,14606.0,9174.0,1646.0,5.0,0.0,0.0,464642.0,1호선,신이문,서울특별시
41,김포공항,8.0,2978.0,13003.0,22650.0,28021.0,22236.0,24462.0,28595.0,29474.0,30851.0,31242.0,32233.0,33012.0,38119.0,41330.0,26908.0,19491.0,17782.0,15211.0,4741.0,866.0,15.0,1.0,0.0,463227.0,5호선9호선,김포공항김포공항,서울특별시
142,선유도,1.0,3285.0,10589.0,36633.0,68926.0,31112.0,16183.0,16489.0,17145.0,17559.0,17361.0,19083.0,23421.0,38113.0,58969.0,29737.0,17173.0,15194.0,12723.0,6932.0,1899.0,5.0,0.0,0.0,458532.0,9호선,선유도,서울특별시
32,구일,295.0,5614.0,13835.0,34441.0,37573.0,24532.0,16902.0,16450.0,21226.0,23968.0,18763.0,22861.0,30361.0,37901.0,43753.0,27451.0,18779.0,20890.0,18388.0,8142.0,381.0,1.0,0.0,0.0,442506.0,1호선,구일,서울특별시
38,금호,26.0,5060.0,12681.0,30261.0,45074.0,29464.0,21364.0,19527.0,20649.0,21479.0,20723.0,23156.0,26677.0,32345.0,41244.0,28511.0,20160.0,17077.0,15988.0,8097.0,1618.0,5.0,1.0,0.0,441188.0,3호선,금호,서울특별시
251,태릉입구,78.0,6890.0,11706.0,26603.0,39074.0,25931.0,20110.0,21480.0,21007.0,22017.0,22518.0,23836.0,27671.0,32267.0,40367.0,30562.0,19424.0,18104.0,15994.0,10079.0,3824.0,570.0,0.0,0.0,440112.0,6호선7호선,태릉입구태릉입구,서울특별시
69,독립문,156.0,5669.0,10987.0,29014.0,38147.0,31403.0,28585.0,24963.0,25936.0,26215.0,25716.0,27523.0,29782.0,30729.0,32772.0,21042.0,14406.0,12446.0,10633.0,5759.0,2704.0,498.0,2.0,4.0,435090.0,3호선,독립문,서울특별시
260,행당,22.0,4634.0,13897.0,36140.0,52430.0,28195.0,19629.0,18372.0,19605.0,19411.0,19168.0,21477.0,24435.0,29690.0,41153.0,27198.0,18162.0,16618.0,14471.0,7981.0,2129.0,9.0,1.0,0.0,434825.0,5호선,행당,서울특별시
107,방이,2.0,3265.0,11347.0,26633.0,42224.0,24054.0,18210.0,16274.0,20276.0,19934.0,19586.0,22122.0,25649.0,34368.0,42201.0,27187.0,18044.0,18234.0,17831.0,6899.0,1313.0,5.0,1.0,0.0,415662.0,5호선,방이,서울특별시
88,마천,52.0,7380.0,17028.0,45577.0,43711.0,24250.0,17762.0,15846.0,17275.0,17361.0,15519.0,19498.0,23315.0,26312.0,36079.0,28532.0,15940.0,15439.0,13803.0,8043.0,2917.0,8.0,1.0,1.0,411646.0,5호선,마천,서울특별시
123,삼성중앙,1.0,1422.0,7010.0,21269.0,51241.0,39016.0,18879.0,14616.0,15397.0,16916.0,16644.0,17891.0,21917.0,34451.0,55646.0,26982.0,16061.0,14496.0,10868.0,5551.0,1241.0,3.0,0.0,0.0,407517.0,9호선,삼성중앙,서울특별시
250,충정로,24.0,2658.0,8916.0,27649.0,62119.0,29367.0,16178.0,15424.0,15716.0,17599.0,17436.0,17831.0,21096.0,32838.0,52673.0,21375.0,14385.0,14071.0,11735.0,6703.0,1587.0,59.0,3.0,0.0,407442.0,2호선5호선,충정로(경기대입구)충정로(경기대입구),서울특별시
15,경찰병원,22.0,3060.0,10506.0,31100.0,53429.0,29340.0,19945.0,17118.0,17325.0,19035.0,18014.0,19421.0,20290.0,30797.0,41519.0,23586.0,15955.0,13901.0,12028.0,6136.0,1551.0,6.0,0.0,0.0,404083.0,3호선,경찰병원,서울특별시
213,월계,973.0,6355.0,12531.0,32603.0,36916.0,27370.0,20034.0,18616.0,21097.0,22909.0,19017.0,21801.0,28528.0,28683.0,33401.0,24368.0,14351.0,13612.0,11050.0,7087.0,1403.0,1.0,0.0,0.0,402707.0,1호선,월계,서울특별시
186,양천구청,16.0,5765.0,13721.0,38076.0,40697.0,23072.0,16700.0,15868.0,17630.0,17535.0,16516.0,18459.0,22201.0,28374.0,38099.0,28626.0,16967.0,15955.0,13654.0,9490.0,2717.0,36.0,0.0,0.0,400174.0,2호선,양천구청,서울특별시
124,삼전,6.0,4987.0,9493.0,24669.0,44542.0,28909.0,17431.0,15361.0,16886.0,17425.0,16706.0,17974.0,20784.0,27990.0,40382.0,28462.0,18802.0,17564.0,15398.0,8895.0,2374.0,383.0,0.0,0.0,395419.0,9호선,삼전,서울특별시
239,증미,1.0,3192.0,12003.0,31482.0,60479.0,24853.0,15418.0,14255.0,14985.0,15049.0,14674.0,16692.0,19339.0,28892.0,49841.0,24565.0,14028.0,12317.0,9904.0,6429.0,1373.0,5.0,0.0,0.0,389773.0,9호선,증미,서울특별시
30,구산,8.0,5548.0,13765.0,36742.0,44952.0,24579.0,17956.0,18074.0,19286.0,18475.0,17158.0,20136.0,24633.0,24507.0,30219.0,25555.0,14654.0,13320.0,11720.0,6440.0,1720.0,3.0,0.0,0.0,389450.0,6호선,구산,서울특별시
221,이촌,46.0,1916.0,9004.0,19404.0,30847.0,24921.0,20972.0,20557.0,23597.0,24982.0,24664.0,27030.0,30607.0,33169.0,34954.0,19250.0,13957.0,12813.0,9819.0,4744.0,946.0,15.0,0.0,0.0,388214.0,4호선,이촌(국립중앙박물관),서울특별시
61,대방,257.0,4458.0,10586.0,32133.0,45871.0,24356.0,16425.0,15711.0,17168.0,17908.0,16953.0,18444.0,20635.0,30405.0,41665.0,21574.0,15539.0,15391.0,12523.0,6863.0,1091.0,22.0,0.0,0.0,385976.0,1호선,대방,서울특별시
167,신방화,5.0,5311.0,13890.0,33278.0,39096.0,21541.0,16875.0,16511.0,18572.0,17937.0,17011.0,20164.0,23055.0,24436.0,35709.0,26410.0,17127.0,14625.0,12878.0,7894.0,2265.0,6.0,0.0,0.0,384595.0,9호선,신방화,서울특별시
121,삼각지,10.0,1743.0,8459.0,21394.0,35364.0,20084.0,15129.0,16229.0,18031.0,19533.0,18836.0,20507.0,24549.0,32787.0,43329.0,22947.0,17014.0,16711.0,15608.0,8995.0,1824.0,12.0,0.0,0.0,379093.0,4호선6호선,삼각지삼각지,서울특별시
205,올림픽공원,16.0,2592.0,10502.0,19631.0,29635.0,19792.0,17255.0,17227.0,19884.0,20236.0,20341.0,23532.0,27059.0,30300.0,31999.0,21741.0,19106.0,21006.0,18082.0,7325.0,1339.0,13.0,1.0,0.0,378612.0,5호선9호선,올림픽공원(한국체대)올림픽공원(한국체대),서울특별시
109,방화,14.0,5108.0,14634.0,32812.0,38320.0,21654.0,17242.0,17053.0,18203.0,18483.0,18223.0,19774.0,22970.0,24601.0,31582.0,24390.0,15892.0,13387.0,12507.0,7241.0,2485.0,236.0,1.0,0.0,376813.0,5호선,방화,서울특별시
98,몽촌토성,2.0,3126.0,11081.0,21631.0,44062.0,25843.0,16701.0,17083.0,17152.0,17755.0,17510.0,19205.0,23995.0,29384.0,38625.0,22724.0,15184.0,14718.0,12158.0,6231.0,1554.0,4.0,0.0,0.0,375728.0,8호선,몽촌토성(평화의문),서울특별시
9,개롱,9.0,4238.0,12650.0,30450.0,38035.0,21278.0,16475.0,15683.0,16908.0,17764.0,16974.0,18278.0,25180.0,28029.0,33511.0,25848.0,15464.0,13233.0,13139.0,6472.0,1758.0,4.0,1.0,0.0,371380.0,5호선,개롱,서울특별시
183,애오개,33.0,2710.0,9637.0,26738.0,50650.0,25361.0,15442.0,15091.0,16056.0,17724.0,16642.0,17960.0,20162.0,27221.0,42442.0,20808.0,13730.0,12192.0,10742.0,5920.0,2335.0,311.0,4.0,4.0,369914.0,5호선,애오개,서울특별시
169,신설동,163.0,4742.0,8224.0,19779.0,40267.0,25101.0,19046.0,18889.0,19778.0,21140.0,20272.0,21585.0,24243.0,29334.0,37162.0,18900.0,12889.0,11924.0,9482.0,5514.0,1209.0,76.0,1.0,0.0,369721.0,1호선2호선,신설동신설동,서울특별시
155,신금호,30.0,3391.0,9890.0,29296.0,41372.0,22714.0,15727.0,14912.0,16566.0,17166.0,16636.0,19255.0,23599.0,26382.0,35760.0,24505.0,15833.0,13956.0,12097.0,7114.0,1906.0,7.0,2.0,0.0,368114.0,5호선,신금호,서울특별시
140,석촌고분,2.0,3115.0,8104.0,21900.0,43215.0,27756.0,16511.0,14821.0,16268.0,16610.0,15424.0,17456.0,20152.0,25241.0,39080.0,24988.0,17347.0,15553.0,13262.0,7621.0,2019.0,5.0,0.0,0.0,366446.0,9호선,석촌고분,서울특별시
156,신길,381.0,7032.0,11263.0,31063.0,48700.0,22364.0,13379.0,12423.0,14254.0,13728.0,12969.0,14634.0,18594.0,26653.0,41200.0,21607.0,15436.0,15719.0,13218.0,7728.0,1595.0,8.0,3.0,0.0,363952.0,1호선5호선,신길신길,서울특별시
146,송정,25.0,4912.0,11953.0,27169.0,34296.0,22080.0,17613.0,16854.0,17905.0,17615.0,17438.0,18735.0,22081.0,25430.0,32394.0,23044.0,15717.0,14287.0,12658.0,7325.0,2026.0,7.0,0.0,1.0,361568.0,5호선,송정,서울특별시
130,상월곡,11.0,5566.0,10895.0,27837.0,41965.0,23072.0,18122.0,16162.0,15806.0,16365.0,15708.0,16476.0,20048.0,23150.0,29441.0,23394.0,13487.0,14452.0,11675.0,7638.0,1960.0,5.0,0.0,0.0,353236.0,6호선,상월곡(한국과학기술연구원),서울특별시
215,월드컵경기장,1.0,2120.0,6694.0,13484.0,19636.0,15288.0,17087.0,19254.0,21609.0,24344.0,25270.0,27759.0,30076.0,27924.0,34473.0,22540.0,12529.0,13745.0,13888.0,3944.0,689.0,1.0,0.0,0.0,352357.0,6호선,월드컵경기장(성산),서울특별시
65,도곡,52.0,2005.0,9902.0,23234.0,34730.0,25995.0,16281.0,16273.0,16432.0,17490.0,17705.0,20170.0,23987.0,29986.0,32371.0,20301.0,13655.0,11864.0,10227.0,4458.0,1188.0,101.0,0.0,1.0,348409.0,3호선,도곡,서울특별시
104,반포,3.0,2201.0,13459.0,19921.0,30899.0,24592.0,16191.0,16156.0,17566.0,18007.0,18032.0,19714.0,27005.0,26935.0,29649.0,19410.0,14338.0,14162.0,11189.0,4843.0,964.0,1.0,0.0,0.0,345237.0,7호선,반포,서울특별시
210,용마산,6.0,5585.0,12774.0,27362.0,38982.0,23106.0,15841.0,13741.0,14624.0,14721.0,13957.0,16206.0,18811.0,21667.0,28883.0,23073.0,14343.0,13241.0,11563.0,6987.0,1993.0,2.0,0.0,0.0,337466.0,7호선,용마산,서울특별시
67,도봉,346.0,8582.0,13468.0,23765.0,27863.0,21041.0,18564.0,16986.0,18220.0,17954.0,18771.0,20066.0,21868.0,24249.0,26526.0,19948.0,12396.0,10089.0,9136.0,5020.0,1619.0,0.0,0.0,0.0,336477.0,1호선,도봉,서울특별시
87,마장,0.0,2973.0,9548.0,21948.0,35895.0,21315.0,15984.0,15172.0,17277.0,16312.0,15365.0,16728.0,19372.0,22870.0,29895.0,18949.0,12640.0,11699.0,10215.0,5476.0,1368.0,16.0,1.0,0.0,321018.0,5호선,마장,서울특별시
148,송파나루,2.0,2281.0,6285.0,16082.0,30228.0,19970.0,12556.0,13964.0,15357.0,16440.0,15358.0,15940.0,20040.0,24773.0,35284.0,24341.0,14540.0,14534.0,12006.0,6294.0,1826.0,4.0,0.0,0.0,318104.0,9호선,송파나루,서울특별시
11,개화산,2.0,4747.0,12257.0,28195.0,35447.0,17969.0,13260.0,13362.0,14833.0,13790.0,13291.0,14860.0,17781.0,21975.0,29546.0,20615.0,12462.0,11474.0,10253.0,5447.0,1741.0,51.0,0.0,0.0,313358.0,5호선,개화산,서울특별시
54,녹사평,42.0,1889.0,5916.0,13931.0,24729.0,14891.0,12114.0,12447.0,13918.0,15710.0,15340.0,17640.0,21747.0,26400.0,33087.0,21528.0,16345.0,16453.0,14706.0,8586.0,1542.0,6.0,0.0,0.0,308965.0,6호선,녹사평(용산구청),서울특별시
111,보라매,7.0,3323.0,6746.0,19536.0,37099.0,18440.0,12859.0,12444.0,13594.0,13608.0,13470.0,14621.0,17418.0,21396.0,32554.0,19393.0,13052.0,11874.0,10345.0,5859.0,1792.0,20.0,0.0,0.0,299447.0,7호선,보라매,서울특별시
188,양평,37.0,2278.0,7980.0,22352.0,39615.0,18202.0,12753.0,12631.0,13696.0,13015.0,13304.0,14129.0,16086.0,21819.0,33117.0,16489.0,12261.0,9974.0,8550.0,5268.0,1294.0,3.0,1.0,0.0,294852.0,5호선,양평,서울특별시
268,효창공원앞,9.0,1999.0,6692.0,17666.0,38029.0,22424.0,13438.0,12207.0,12911.0,13541.0,12591.0,13742.0,16999.0,21103.0,32694.0,17626.0,11503.0,10727.0,9093.0,5658.0,1310.0,3.0,0.0,0.0,291963.0,6호선,효창공원앞,서울특별시
227,잠원,2.0,2177.0,11540.0,18161.0,26528.0,17581.0,12711.0,12927.0,13472.0,14484.0,13509.0,15102.0,19287.0,22420.0,22763.0,15474.0,10413.0,10646.0,10109.0,4807.0,956.0,3.0,3.0,0.0,275074.0,3호선,잠원,서울특별시
8,강일,2.0,3279.0,10807.0,26659.0,28129.0,16183.0,12573.0,11132.0,12254.0,11506.0,11102.0,13393.0,16126.0,19383.0,24032.0,19063.0,11476.0,10361.0,9022.0,5926.0,1603.0,5.0,0.0,0.0,274017.0,5호선,강일,서울특별시
200,오금,18.0,2725.0,7958.0,24474.0,35987.0,16834.0,11326.0,10240.0,11573.0,11501.0,10808.0,12548.0,15333.0,20532.0,27300.0,15363.0,10386.0,9194.0,9373.0,5009.0,1524.0,5.0,1.0,0.0,270012.0,3호선5호선,오금오금,서울특별시
203,옥수,129.0,1927.0,7115.0,15550.0,22397.0,16030.0,12151.0,12288.0,12668.0,13530.0,13893.0,15216.0,17491.0,21298.0,25339.0,17681.0,12429.0,11363.0,9917.0,4930.0,901.0,2.0,0.0,0.0,264244.0,3호선,옥수,서울특별시
112,보문,14.0,2522.0,6583.0,18018.0,30796.0,16934.0,11506.0,10801.0,11715.0,12247.0,11201.0,12545.0,14880.0,17565.0,24185.0,15507.0,10800.0,10235.0,9721.0,6396.0,1674.0,5.0,0.0,0.0,255850.0,6호선,보문,서울특별시
50,노들,11.0,4092.0,7279.0,19202.0,26098.0,16088.0,12242.0,10615.0,11615.0,12177.0,11637.0,13137.0,14847.0,17198.0,23239.0,15925.0,11052.0,10457.0,8768.0,5016.0,1103.0,5.0,0.0,0.0,251803.0,9호선,노들,서울특별시
113,복정,6.0,3199.0,9337.0,19051.0,26390.0,16595.0,10980.0,8790.0,10835.0,9873.0,9602.0,11277.0,14843.0,19966.0,25967.0,16810.0,10946.0,9412.0,8447.0,3723.0,752.0,2.0,0.0,0.0,246804.0,8호선,복정,서울특별시
55,녹천,1181.0,4888.0,9124.0,26131.0,24872.0,13906.0,11579.0,10488.0,12358.0,11013.0,10307.0,11302.0,14497.0,15381.0,19540.0,15618.0,9519.0,8764.0,7244.0,4677.0,1100.0,0.0,0.0,0.0,243488.0,1호선,녹천,서울특별시
133,샛강,5.0,1513.0,4667.0,15468.0,33726.0,14502.0,9311.0,9280.0,9082.0,10051.0,10433.0,10981.0,12813.0,21290.0,32063.0,13440.0,9753.0,9220.0,7318.0,3756.0,1074.0,21.0,0.0,0.0,239766.0,9호선,샛강,서울특별시
99,무악재,23.0,2023.0,7730.0,18062.0,23689.0,14883.0,11605.0,10432.0,10624.0,10677.0,10545.0,11494.0,13846.0,16665.0,22379.0,15764.0,10315.0,9386.0,7955.0,5020.0,984.0,5.0,1.0,0.0,234107.0,3호선,무악재,서울특별시
194,역촌,2.0,2379.0,7771.0,18900.0,24790.0,12803.0,9522.0,9636.0,11068.0,10870.0,10220.0,10737.0,13100.0,15529.0,22533.0,17230.0,9714.0,9495.0,8119.0,5418.0,1385.0,1.0,0.0,0.0,231224.0,6호선,역촌,서울특별시
165,신목동,2.0,2436.0,8678.0,24008.0,26510.0,13041.0,9489.0,9134.0,9042.0,9569.0,9100.0,9518.0,12884.0,15668.0,20137.0,14503.0,8536.0,8894.0,7850.0,4245.0,1484.0,92.0,0.0,0.0,224820.0,9호선,신목동,서울특별시
166,신반포,1.0,1448.0,13898.0,13509.0,17476.0,11509.0,9744.0,8408.0,9546.0,11164.0,11003.0,13792.0,20341.0,20767.0,20280.0,12963.0,8636.0,8116.0,6733.0,3161.0,571.0,2.0,0.0,0.0,223067.0,9호선,신반포,서울특별시
245,청구,7.0,2007.0,5100.0,12176.0,28428.0,15713.0,9314.0,8819.0,8906.0,9626.0,9346.0,10030.0,12077.0,14496.0,21919.0,14118.0,9001.0,7921.0,7209.0,4078.0,958.0,4.0,1.0,0.0,211255.0,5호선6호선,청구청구,서울특별시
120,사평,1.0,1057.0,4713.0,15438.0,21391.0,12092.0,9468.0,9236.0,10315.0,11020.0,10880.0,11680.0,15114.0,16814.0,19372.0,13815.0,8602.0,7750.0,7522.0,3633.0,863.0,2.0,0.0,0.0,210779.0,9호선,사평,서울특별시
242,창신,11.0,2886.0,7240.0,19942.0,23186.0,12743.0,8535.0,7659.0,8134.0,8116.0,7473.0,8693.0,10677.0,11800.0,14180.0,10497.0,7606.0,6641.0,6004.0,3694.0,917.0,1.0,0.0,0.0,186637.0,6호선,창신,서울특별시
21,공항시장,8.0,3569.0,5847.0,12051.0,15098.0,9624.0,7818.0,7723.0,8610.0,8589.0,8176.0,9189.0,10857.0,12318.0,15116.0,12882.0,8818.0,7642.0,6722.0,4612.0,1480.0,5.0,0.0,0.0,176754.0,9호선,공항시장,서울특별시
208,용답,4.0,2577.0,4524.0,9895.0,17158.0,12373.0,8197.0,7166.0,8017.0,8972.0,7983.0,9143.0,11809.0,12322.0,14965.0,9897.0,6793.0,7206.0,6583.0,3966.0,1002.0,2.0,0.0,0.0,170554.0,2호선,용답,서울특별시
70,독바위,2.0,2499.0,5834.0,15651.0,15838.0,9738.0,7794.0,6573.0,7364.0,6790.0,6688.0,7482.0,8984.0,9872.0,14226.0,12021.0,7219.0,6027.0,5784.0,3780.0,1224.0,2.0,0.0,0.0,161393.0,6호선,독바위,서울특별시
257,한성백제,0.0,1262.0,4173.0,9241.0,15991.0,10123.0,7054.0,6783.0,7420.0,7889.0,7918.0,8231.0,9393.0,11268.0,15888.0,9576.0,6473.0,5764.0,4999.0,2657.0,842.0,2.0,0.0,0.0,152947.0,9호선,한성백제,서울특별시
254,학여울,6.0,768.0,3482.0,7589.0,13254.0,9629.0,8386.0,7706.0,8794.0,9628.0,9585.0,10156.0,10814.0,12001.0,12350.0,6391.0,4312.0,3807.0,2951.0,1483.0,345.0,2.0,0.0,0.0,143438.0,3호선,학여울,서울특별시
209,용두,37.0,1308.0,2662.0,7547.0,14854.0,8244.0,7013.0,7177.0,7224.0,8108.0,8250.0,8880.0,9109.0,9649.0,13453.0,7796.0,4611.0,4502.0,3170.0,1907.0,535.0,10.0,0.0,0.0,136044.0,2호선,용두(동대문구청),서울특별시
110,버티고개,4.0,1118.0,2993.0,7461.0,12811.0,8156.0,5983.0,5355.0,5843.0,5999.0,5879.0,6815.0,7369.0,9310.0,12227.0,8070.0,5246.0,4903.0,4453.0,2605.0,578.0,36.0,0.0,0.0,123213.0,6호선,버티고개,서울특별시
77,동작,9.0,873.0,2914.0,5881.0,8648.0,6556.0,5649.0,5644.0,5583.0,5794.0,5809.0,6146.0,6685.0,7600.0,8726.0,5030.0,4179.0,3374.0,2794.0,1631.0,667.0,144.0,0.0,0.0,100338.0,4호선9호선,동작(현충원)동작(현충원),서울특별시
159,신답,9.0,1305.0,2482.0,7373.0,12976.0,5912.0,3648.0,3362.0,3638.0,3673.0,3799.0,4447.0,5579.0,6718.0,11841.0,8010.0,4032.0,4326.0,3586.0,2366.0,544.0,3.0,0.0,0.0,99628.0,2호선,신답,서울특별시
66,도림천,1.0,711.0,2148.0,7123.0,9458.0,4270.0,3519.0,2946.0,4207.0,3301.0,3828.0,4012.0,5087.0,5115.0,6689.0,4368.0,2614.0,2318.0,1669.0,1075.0,297.0,7.0,0.0,0.0,74763.0,2호선,도림천,서울특별시
48,남태령,48.0,538.0,2345.0,6162.0,9094.0,5092.0,3630.0,3506.0,3673.0,3351.0,3415.0,3541.0,4735.0,6726.0,5997.0,3348.0,2710.0,1964.0,1245.0,688.0,142.0,0.0,0.0,0.0,71950.0,4호선,남태령,서울특별시
29,구반포,1.0,403.0,2553.0,4090.0,6332.0,4751.0,2899.0,2904.0,3366.0,3764.0,3690.0,4063.0,4980.0,6012.0,7146.0,3622.0,2255.0,1878.0,1591.0,740.0,233.0,2.0,0.0,0.0,67273.0,9호선,구반포,서울특별시
79,둔촌오륜,0.0,633.0,2716.0,6527.0,6361.0,3521.0,2303.0,2338.0,2358.0,2585.0,2476.0,3361.0,5706.0,4485.0,5061.0,3569.0,2151.0,2057.0,1941.0,980.0,295.0,32.0,0.0,0.0,61456.0,9호선,둔촌오륜,서울특별시
157,신내,8.0,873.0,3082.0,6682.0,7618.0,3256.0,2418.0,2278.0,2359.0,2580.0,2332.0,3206.0,3868.0,4581.0,5881.0,3635.0,1971.0,1736.0,1580.0,950.0,320.0,0.0,0.0,0.0,61214.0,6호선,신내,서울특별시
